customer_name,building_id,address,layout_id
Stadtwerke Troisdorf,571,Asselbachstr. 40,gas:1--gas:2--global-separation-circuit:1--heating-circuit:1--heating-circuit:2--heating-circuit:3--heating-circuit:4--heating-circuit:5--heating-circuit:6--heating-circuit:7
Stadtwerke Troisdorf,574,Lütticher Str. 12,gas:1--gas:2--global-separation-circuit:1--heating-circuit:1--heating-circuit:2--heating-circuit:3--heating-circuit:4
Stadtwerke Troisdorf,575,Rathausallee 10,gas:1--gas:2--global-separation-circuit:1--heating-circuit:1--heating-circuit:2--heating-circuit:3
Stadtwerke Troisdorf,738,Lohmarer Str. 33,gas:1--gas:2--chp:1--buffer-tank:1--global-separation-circuit:1--heating-circuit:1--heating-circuit:2--heating-circuit:3
Stadtwerke Troisdorf,739,Zum Altenforst 10,gas:1--gas:2--chp:1--buffer-tank:1--global-separation-circuit:1--heating-circuit:1--heating-circuit:2--heating-circuit:3--heating-circuit:4--heating-circuit:5
LÜBECKER BAUVEREIN,643,Lützowstraße 30-46,
LÜBECKER BAUVEREIN,644,Ratzeburger Allee 76-84,
LÜBECKER BAUVEREIN,645,Tannenbergstr. 6-12,
LÜBECKER BAUVEREIN,646,Andersenring 28,
LÜBECKER BAUVEREIN,647,"Brolingstr. 16, Geverdestr. 58, Ludwigstr. 63/65",
LÜBECKER BAUVEREIN,648,"Binnenland 12-12 c, Elsterw. 8-8 a, A.d.R. 9-9 c, Moristeig 9-9 d",
LÜBECKER BAUVEREIN,649,"Rosenstraße 10, 12-20",
LÜBECKER BAUVEREIN,650,"Langer Lohberg 28-32, 34",
LÜBECKER BAUVEREIN,651,"Brolingstr. 23, Ludwigstr. 69/79, Stitenstr. 23, 25, 22-26, Kerckringstr. 46-46a",
LÜBECKER BAUVEREIN,652,Braunstraße 21,
LÜBECKER BAUVEREIN,653,"Hartengrube 5, 7/9, 11",
LÜBECKER BAUVEREIN,654,Matthäistr. 3-5,
LÜBECKER BAUVEREIN,655,"Wakenitzmauer 166-172, 176, 178, 182",
LÜBECKER BAUVEREIN,656,Braunstraße 23,
LÜBECKER BAUVEREIN,657,Hugo-Distler-Str. 12-12a,gas:1--gas:2--heat-exchanger:1--heating-circuit:1--warm-water:1
LÜBECKER BAUVEREIN,658,"Moislinger Allee 101-105, Auguste-Schmidt-Str. 6-8",
LÜBECKER BAUVEREIN,659,Moislinger Berg 13-17,
LÜBECKER BAUVEREIN,660,Siemser Landstr. 44,
LÜBECKER BAUVEREIN,661,Mühlenkamp 7,
LÜBECKER BAUVEREIN,662,"Ahrensböker Str. 49-49a, Stockelsdorf",
LÜBECKER BAUVEREIN,663,"Marie-Juchacz-Weg 2-6, 8-12, 14-18",
LÜBECKER BAUVEREIN,664,"Marlistr. 7a-9, Bergstr. 14, 16a, 18-18c",
LÜBECKER BAUVEREIN,665,"Marlistr. 7a-9, Bergstr. 14, 16a, 18-18c (Unterstation - Versorgung von Marlistraße 7a/9, Unterstation in Bergstraße 18b)",
LÜBECKER BAUVEREIN,666,Wallbrechtstr. 2-2b,gas:1--heat-exchanger:1--heating-circuit:1--warm-water:1
LÜBECKER BAUVEREIN,667,Marlistraße 5b-7 (Unterstation - Versorgung von Marlistraße 7a/9,
LÜBECKER BAUVEREIN,668,Danzigerstr. 23,gas:1--gas:2--heat-exchanger:1--heating-circuit:1
LÜBECKER BAUVEREIN,669,"Heiligen-Geist-Kamp 1b-1c, Erika-Gerstung-Str. 2-38",gas:1--gas:2--heating-circuit:1--heating-circuit:2--heating-circuit:3--heating-circuit:4--warm-water:1
LÜBECKER BAUVEREIN,670,"Heiligen-Geist-Kamp 1b-1c, Erika-Gerstung-Str. 2-38 (Unterstation - Versorgung von Erika-G.-Str. 2)",district-heating:1--heating-circuit:1--heating-circuit:2--heating-circuit:3--warm-water:1
LÜBECKER BAUVEREIN,671,Luisenstraße 6-10f,
LÜBECKER BAUVEREIN,672,Luisenstraße 4-4d (Unterstation - Versorgung von Luisenstr. 6-10f),
LÜBECKER BAUVEREIN,673,Wallstraße 23-27,
LÜBECKER BAUVEREIN,674,Rabenhorst 8-10,
LÜBECKER BAUVEREIN,675,Falkenstraße 17-25,gas:1--gas:2--gas:3--global-separation-circuit:1--solar-thermal:1--warm-water:1--heating-circuit:1--heating-circuit:2--heating-circuit:3
LÜBECKER BAUVEREIN,676,"Lohstraße 100a-f, Stockelsdorf",
LÜBECKER BAUVEREIN,677,"Ahrensböker Str. 49b-c, Stockelsdorf (Unterstation - Versorgung von Ahrensböker Str. 49)",
LÜBECKER BAUVEREIN,678,Erzstr. 1-3,
LÜBECKER BAUVEREIN,679,Silberstr. 9-11,
LÜBECKER BAUVEREIN,680,Güldene Str. 14-16,
LÜBECKER BAUVEREIN,681,"Dummersdorfer Str. 10, 12",
LÜBECKER BAUVEREIN,682,Dummersdorfer Str. 10a (Unterstation - Versorgung von Dummersdorfer Str. 12),
LÜBECKER BAUVEREIN,683,Gerstenfeld 1-11 (Unterstation - Versorgung von Gerstenfeld 14),
LÜBECKER BAUVEREIN,684,Gerstenfeld 2-12 (Untersation - Versorgung von Gerstenfeld 14),
LÜBECKER BAUVEREIN,685,"Rehsprung 21-23, Gerstenfeld 13-20",
LÜBECKER BAUVEREIN,686,"Holmer Straße 1-13, Rehna",
LÜBECKER BAUVEREIN,687,"Bahnhofstraße 2-4, Dassow",
LÜBECKER BAUVEREIN,688,"Bahnhofstraße 2-4, Dassow (Unterstation - Versorgung von Bahnhofstraße 2)",
LÜBECKER BAUVEREIN,689,"Holmer Straße 15-31, Rehna",
LÜBECKER BAUVEREIN,690,"Lindenstr. 29-35, Schönberg",
LÜBECKER BAUVEREIN,691,"Dr. Leber-Str. 12, 13, 14-17, Selmsdorf",
LÜBECKER BAUVEREIN,692,"Ernst-Thälmann-Str. 13, Rehna (Unterstation - Versorgung von E.-Thälmann-Str. 15a)",
LÜBECKER BAUVEREIN,693,"Ernst-Thälmann-Str. 15a, 15b, Rehna",
LÜBECKER BAUVEREIN,694,"Ernst-Thälmann-Str. 17-17c, Rehna",
LÜBECKER BAUVEREIN,695,"10:21:47 Ernst-Thälmann-Str. 19a, 19b, 19c, Rehna (Unterstation - Versorgung von E.-Thälmann-Str. 17c)",
LÜBECKER BAUVEREIN,696,"Ernst-Thälmann-Str. 2, 2a, 2b, Rehna",
LÜBECKER BAUVEREIN,1508,"Brolingstr. 23, Ludwigstr. 69/79, Stitenstr. 23, 25, 22-26, Kerckringstr. 46-46a (Unterstation - Versorgung von Stitenstraße 23)",
LÜBECKER BAUVEREIN,1847,"Marie-Juchacz-Weg 8, versorgt Marie-Juchacz-Weg 8-12",
LÜBECKER BAUVEREIN,1848,"Marie-Juchacz-Weg 14, versorgt Marie-Juchacz-Weg 14-18",
LÜBECKER BAUVEREIN,2225,"Luisenstraße 6-10f, (Unterstation Luisenstraße 10) ",
BEA,304,Buchholzer Strasse 4,gas:1--global-separation-circuit:1--heating-circuit:1--warm-water:1
GWU,371,Eckernförder Str. 421c,district-heating:1--down-right-pipes:1--heat-exchanger:1--heating-circuit:1--heat-exchanger:2--down-left-pipes:1--warm-water:1
GWU,418,Hindenburgstraße 30-32,gas:1--heat-exchanger:1--heating-circuit:1--heat-exchanger:2--warm-water:1
GWU,419,"Wiker Str. 52, 52a-e",district-heating:1--heating-circuit:1--heat-exchanger:1--warm-water:1
GWU,420,Rendsburger Str. 61,heat-pump:1--down-right-pipes:1--buffer-tank:1--heating-circuit:1--down-left-pipes:1--warm-water:1
GWU,421,Holtenauer Str. 346,district-heating:1--down-right-pipes:1--heat-exchanger:1--heating-circuit:1--heat-exchanger:2--down-left-pipes:1--warm-water:1
GWU,441,Riesebyer Str. 7-9,heat-pump:1--right-down-pipes:1--heat-pump:2--valves:1--empty-pipes:1--warm-water:1--down-right-pipes:1--buffer-tank:1--heating-circuit:1
GWU,442,Triangel 1,gas:1--empty-pipes:1--heat-exchanger:1--down-right-pipes:1--empty-pipes:2--buffer-tank:1--chp:1--heating-circuit:1--warm-water:1
GWU,443,Bürgermeister-Drews-Straße 56,gas:1--chp:1--heating-circuit:1--heating-circuit:2--heating-circuit:3--warm-water:1
GWU,494,Groß Kielstein 59,
GWU,495,Güstrower Weg 1,gas:1--empty-pipes:1--heat-exchanger:1--down-right-pipes:1--empty-pipes:2--buffer-tank:1--chp:1--heating-circuit:1--warm-water:1
GWU,1909,Schiefkoppel 39,
GWU,1910,Schiefkoppel 39a,
GWU,1911,Schiefkoppel 39b,
GWU,1912,Schiefkoppel 74,
GWU,1913,Schiefkoppel 74 a,
GWU,1914,Theodor-Storm-Weg 6,
GWU,1915,Riesebyer Str. 23,
GWU,1916,Prinzenstr. 50,
GWU,1917,Bürgermeister-Heldman-Str. 6,
GWU,1918,Boltenhagener Straße 1,
GWU,1919,Kühlungsborner Straße 2,
GWU,1920,Ringweg 32,
GWU,1921,Ringweg 36,
GWU,1922,Ringweg 28,
GWU,1923,Fischerstr. 16,
GWU,1924,Bgm.-Heldman-Str. 12,
GWU,1925,Doroteenstr. 5,
GWU,1926,Doroteenstr. 25,
GWU,1927,Bgm.-Heldman-Str. 30,
GWU,1928,Gorch-Fock-Str. 4,
GWU,1929,Gorch-Fock-Str. 34,gas:1--gas:2--down-right-pipes:1--buffer-tank:1--empty-pipes:1--chp:1--global-separation-circuit:1--heating-circuit:1--warm-water:1
GWU,1930,Gorch-Fock-Str. 7,
GWU,1931,Langemarckstr. 1 a,
GWU,1932,Hörn Haus 11,
GWU,1933,HörnHaus 13,
GWU,1934,Lindenhof 1,
GWU,2279,Waldenburger Str. 1a,
GWU,2280,Waldenburger Str. 3,
GWU,2281,Waldenburger Str. 3a,
GWU,2282,Waldenburger Str. 3b,
BAUVEREIN GREVENBROICH,1649,Brandenburgerstr. 5,
BAUVEREIN GREVENBROICH,1650,Erftwerkstr. 61,
BAUVEREIN GREVENBROICH,1651,Erftwerkstr. 71,
BAUVEREIN GREVENBROICH,1652,Kolpingstr. 98 a,
BAUVEREIN GREVENBROICH,1653,Am Flutgraben 53,
BAUVEREIN GREVENBROICH,1654,Orkener Str. 41,
BAUVEREIN GREVENBROICH,1655,Von-Bodelschwingh-Str. 5,
BAUVEREIN GREVENBROICH,1656,von-Droste-Str. 13,
BAUVEREIN GREVENBROICH,1657,von-Droste-Str. 16,
BAUVEREIN GREVENBROICH,1658,von Droste-Str. 33,
BAUVEREIN GREVENBROICH,1789,Noithausener Str. 53,
BAUVEREIN GREVENBROICH,1790,Am Kleekamp 5,
BAUVEREIN GREVENBROICH,1791,An Haus Neurath 18,
BAUVEREIN GREVENBROICH,1792,Geranienweg 10,
BAUVEREIN GREVENBROICH,1793,"Im Kamp 12,14,16,18,20",
BAUVEREIN GREVENBROICH,1794,Am alten Hof 7,
BAUVEREIN GREVENBROICH,1795,Herkenbuscher Weg 46 B und D,
BAUVEREIN GREVENBROICH,1796,Zum Bussebach 12,
BAUVEREIN GREVENBROICH,1797,Rheydterstr. 170,
BAUVEREIN GREVENBROICH,1798,Niermannstr. 1,gas:1--solar-thermal:1--warm-water:1--heating-circuit:1--heating-circuit:2
BAUVEREIN GREVENBROICH,1800,"Niermannstr. 2, versorgt Niermannstr. 2/4",
BAUVEREIN GREVENBROICH,2167,Am Alten Hof 4,
BAUVEREIN GREVENBROICH,2168,Am Rittergut 67,heat-pump:1--right-down-pipes:1--heat-pump:2--right-down-pipes:2--heat-pump:3--buffer-tank:1--heat-exchanger:1--heating-circuit:1
BAUVEREIN GREVENBROICH,2169,Richard-Wagner-Straße 21,
Joseph Stiftung,463,"Kloster-Langheim-Straße 58,60,62",gas:1--heating-circuit:1--warm-water:1
Joseph Stiftung,478,"Hegelstraße 38,40",gas:1--gas:2--global-separation-circuit:1--heating-circuit:1--warm-water:1
Joseph Stiftung,496,Seehofstr. 41,gas:1--gas:2--heating-circuit:1--heating-circuit:2--heating-circuit:3--heating-circuit:4--heating-circuit:5--heating-circuit:6--heating-circuit:7--heating-circuit:8
Joseph Stiftung,498,Haagstraße 17,gas:1--gas:2--heating-circuit:1--heating-circuit:2--heating-circuit:3--warm-water:1
Joseph Stiftung,499,Laubenweg 11-17,
Joseph Stiftung,500,"Frühlingstr. 8, 10, 12, 14",gas:1--heating-circuit:1--heating-circuit:2
Joseph Stiftung,501,Kopernikusstr. 21,
Joseph Stiftung,502,Sonnenstraße 10,
Joseph Stiftung,504,"Haagstraße 10, 12, 14, 16 (wird versorgt von WIE 2068 Haagstr. 18)",gas:1--gas:2--heating-circuit:1--heating-circuit:2--heating-circuit:3--heating-circuit:4
Joseph Stiftung,505,Emil-Warburg-Weg 19/21,gas:1--gas:2--down-right-pipes:1--buffer-tank:1--empty-pipes:1--chp:1--global-separation-circuit:1--heating-circuit:1--heating-circuit:2--warm-water:1
Joseph Stiftung,506,"Nördliche Stadtmauerstraße 8, 10, 12,",gas:1--gas:2--heating-circuit:1--heating-circuit:2--warm-water:1
Joseph Stiftung,507,"Wilderstraße 15, 17, 19, 21, 23, 25",
Joseph Stiftung,508,"Wacholderweg 2, 4, 6",gas:1--heating-circuit:1--warm-water:1
Joseph Stiftung,509,Nördliche Stadtmauerstraße 22,district-heating:1--heating-circuit:1--warm-water:1
Joseph Stiftung,510,Laubenweg 21,
Joseph Stiftung,511,"Obere Mühlbrücke 8, 10, 11, 13, 13a",
Joseph Stiftung,512,Otto-Goetze-Straße 3,gas:1--heating-circuit:1--warm-water:1
Joseph Stiftung,513,Moltkestraße 6,district-heating:1--heating-circuit:1--warm-water:1--warm-water:2
Joseph Stiftung,712,Maria-Ward-Str. 8,district-heating:1--heating-circuit:1
Joseph Stiftung,790,Nördliche Stadtmauerstraße 20,district-heating:1--heating-circuit:1--warm-water:1
Joseph Stiftung,1005,Jahnstr. 16,district-heating:1--heating-circuit:1--warm-water:1
Joseph Stiftung,1006,Jahnstr. 12,chp:1--global-separation-circuit:1--heating-circuit:1--heating-circuit:2
Joseph Stiftung,2148,"Herbartstr. 10, 12, 14, 16",
Joseph Stiftung,2149,Walter-flex-Straße 9,heat-pump:1--gas:1--buffer-tank:1--heating-circuit:1
KHW,473,Freiligrathstraße 10,heat-pump:1--gas:1--down-right-pipes:1--buffer-tank:1--heating-circuit:1--down-left-pipes:1--warm-water:1
KHW,474,Fallerslebenstraße 8a,heat-pump:1--gas:1--down-right-pipes:1--buffer-tank:1--heating-circuit:1--down-left-pipes:1--warm-water:1
KHW,475,Gerkens Hof 1-3,district-heating:1--heating-circuit:1--heating-circuit:2--warm-water:1--warm-water:2
KHW,476,Haselhorststraße 4 & 6,
KHW,596,Mergelstr. 2a,heat-pump:1--right-down-pipes:1--heat-pump:2--buffer-tank:1--heating-circuit:1
KHW,1364,Gerkens Hof 5,heat-pump:1--buffer-tank:1--right-down-pipes:1--gas:1--heating-circuit:1--heating-circuit:2--warm-water:1
KHW,1457,Waldenburger Str. 18,
KHW,1458,Am Bödingsfeld 4,
KHW,1459,Auf der Howe 21,
KHW,1460,Föhrenweg 5-5g,
KHW,1461,Kleeweg 40,gas:1--heating-circuit:1--warm-water:1
KHW,1462,Dammstr. 14,gas:1--heating-circuit:1--heating-circuit:2
KHW,1463,Bahnhofstr. 42,
KHW,1464,Österwieherstr. 29,
KHW,1465,Zum Sennebach 8,
KHW,1466, Franz-von-Sales Straße 26,
KHW,1467,Mergelstraße 9,gas:1--heating-circuit:1--warm-water:1
Zentral Boden Immobilien Gruppe,1660,Maßmannstraße 13,
Zentral Boden Immobilien Gruppe,1661,Schulstraße 3,
Zentral Boden Immobilien Gruppe,1662,Egerstr. 15,
Zentral Boden Immobilien Gruppe,1663,Reichenberger Allee 56,
Zentral Boden Immobilien Gruppe,1664,Franzensbader Str. 3,
Zentral Boden Immobilien Gruppe,1665,Kuchelstr. 40,
Zentral Boden Immobilien Gruppe,1666,Teplitzer Allee 26,
Zentral Boden Immobilien Gruppe,1667,Teplitzer Allee 30,
Zentral Boden Immobilien Gruppe,1668,Erlenkamp 6,
Zentral Boden Immobilien Gruppe,1669,Danziger Str. 48,
Zentral Boden Immobilien Gruppe,1670,Egerstr. 14,
Zentral Boden Immobilien Gruppe,1671,Reichenberger Allee 51,
Zentral Boden Immobilien Gruppe,1672,Kieler Kuhle 20,
Zentral Boden Immobilien Gruppe,1673,Danziger Str. 53,
Zentral Boden Immobilien Gruppe,1674,Egerstr. 22,
Zentral Boden Immobilien Gruppe,1675,Landskroner Weg 25,
Zentral Boden Immobilien Gruppe,1676,Teplitzer Allee 1,
Zentral Boden Immobilien Gruppe,1677,Landskroner Weg 18,
Zentral Boden Immobilien Gruppe,1678,Elmschenhagener Allee 31,
Zentral Boden Immobilien Gruppe,1679,Reichenberger Allee 59,
Zentral Boden Immobilien Gruppe,1680,Karlsbader Str. 211,
Zentral Boden Immobilien Gruppe,1681,Timkestr. 63,
Zentral Boden Immobilien Gruppe,1682,Danziger Str. 7,
Zentral Boden Immobilien Gruppe,1683,Karlsbader Str. 134,
Zentral Boden Immobilien Gruppe,1684,Danziger Str. 39,
Zentral Boden Immobilien Gruppe,1685,Danziger Str. 57,
Zentral Boden Immobilien Gruppe,1686,Landskroner Weg 9,
Zentral Boden Immobilien Gruppe,1687,Egerstr. 27,
Zentral Boden Immobilien Gruppe,1688,Hultschiner Str. 29,
Zentral Boden Immobilien Gruppe,1689,Egerstr. 5,
Zentral Boden Immobilien Gruppe,1690,Hultschiner Str. 7,
Zentral Boden Immobilien Gruppe,1691,Franzensbader Str. 11,
Zentral Boden Immobilien Gruppe,1692,Danziger Str. 23,
Zentral Boden Immobilien Gruppe,1693,Kuchelstr. 37,
Zentral Boden Immobilien Gruppe,1694,Kuchelstr. 29,
Zentral Boden Immobilien Gruppe,1695,Karlsbader Str. 2,
Zentral Boden Immobilien Gruppe,1696,Kuchelstr. 24,
Zentral Boden Immobilien Gruppe,1697,Danziger Str. 38,
Zentral Boden Immobilien Gruppe,1698,Landskroner Weg 37,local-heating-station:1--heating-circuit:1--warm-water:1
Zentral Boden Immobilien Gruppe,1699,Trautenauer Weg 2,
Zentral Boden Immobilien Gruppe,1700,Timkestr. 70,
Zentral Boden Immobilien Gruppe,1701,Reichenberger Allee 30,
Zentral Boden Immobilien Gruppe,1702,Troppauer Str. 31,
Zentral Boden Immobilien Gruppe,1703,Havemeisterstr. 6,
Zentral Boden Immobilien Gruppe,1704,Troppauer Str. 36,
Zentral Boden Immobilien Gruppe,1705,Joachimsthaler Weg 8,
Zentral Boden Immobilien Gruppe,1706,Katharinenstr. 9,
Zentral Boden Immobilien Gruppe,1707,Egerstr. 37,
Zentral Boden Immobilien Gruppe,1708,Karlsbader Str. 153,
Zentral Boden Immobilien Gruppe,1709,Timkestr. 58,
Zentral Boden Immobilien Gruppe,1710,Danziger Str. 34,
Zentral Boden Immobilien Gruppe,1711,Trautenauer Weg 5,
Zentral Boden Immobilien Gruppe,1712,Landskroner Weg 33,
Zentral Boden Immobilien Gruppe,1713,Teplitzer Allee 29,
Zentral Boden Immobilien Gruppe,1714,Hultschiner Str. 19,
Zentral Boden Immobilien Gruppe,1715,Reichenberger Allee 31,
Zentral Boden Immobilien Gruppe,1716,Schönberger Str. 97,
Zentral Boden Immobilien Gruppe,1717,Karlsbader Str. 163,
Zentral Boden Immobilien Gruppe,1718,Timkestr. 52,
Zentral Boden Immobilien Gruppe,1719,Reichenberger Allee 10,
Zentral Boden Immobilien Gruppe,1720,Teplitzer Allee 13,
Zentral Boden Immobilien Gruppe,1721,Joachimsthaler Weg 44,
Zentral Boden Immobilien Gruppe,1722,Troppauer Str. 9,
Zentral Boden Immobilien Gruppe,1723,Wahlestr. 18,
Zentral Boden Immobilien Gruppe,1754,Gross Ebbenkamp 1,
Zentral Boden Immobilien Gruppe,1755,Lüderitzstr. 16,
Zentral Boden Immobilien Gruppe,1756,Lüderitzstr. 9,
Zentral Boden Immobilien Gruppe,1757,Nachtigalstr. 15,
Zentral Boden Immobilien Gruppe,1758,Verdieckstraße 34,
Zentral Boden Immobilien Gruppe,1759,Verdieckstraße 41,
Zentral Boden Immobilien Gruppe,1760,Verdieckstraße 43,
Zentral Boden Immobilien Gruppe,1761,Verdieckstraße 51,
Zentral Boden Immobilien Gruppe,1762,Verdieckstraße 65,
Zentral Boden Immobilien Gruppe,1763,Verdieckstraße 69,
Zentral Boden Immobilien Gruppe,1764,Woermannstraße 18,
Zentral Boden Immobilien Gruppe,1765,Woermannstraße 26,
Zentral Boden Immobilien Gruppe,1766,Woermannstraße 6,
HwS,756,Wolzogenstr.28,gas:1--gas:2--heating-circuit:1--heating-circuit:2
HwS,757,Hagelberger Str. 26,gas:1--gas:2--heating-circuit:1
HwS,758,Hochstr. 8,gas:1--heating-circuit:1
HwS,759,Planufer 82a,gas:1--heating-circuit:1
HwS,761,Gabainstr. 13,
HwS,762,Löwensteinring 9 und 7,district-heating:1--heating-circuit:1
HwS,763,Lipschitzallee 42 (versorgt Lip. 36-48),
HwS,765,Fritz-Erler-Allee 102,district-heating:1--down-right-pipes:1--heat-exchanger:1--heating-circuit:1--down-left-pipes:1--warm-water:1--down-left-pipes:2--warm-water:2
HwS,766,Viktoria-Luise-Platz 5,district-heating:1--heating-circuit:1
HwS,767,Wilhelmstr. 110,district-heating:1--heating-circuit:1--heating-circuit:2--heating-circuit:3--heating-circuit:4
HwS,768,Cautiusstraße 15,gas:1--heating-circuit:1--warm-water:1
HwS,769,Persantestr. 21,gas:1--heating-circuit:1--warm-water:1
HwS,770,Ilsensteinweg 14,gas:1--heating-circuit:1--warm-water:1
HwS,771,Gubenerstr. 34,district-heating:1--heating-circuit:1--heating-circuit:2--heating-circuit:3--warm-water:1
HwS,772,Sachtlebenstr. 33,
HwS,773,Meydenbauerweg 17,
HwS,774,Tulpenstr. 2b,
HwS,775,Lenbachstr 5,gas:1--empty-pipes:1--four-way-valve:1--heating-circuit:1
HwS,776,Lange Str 5,
HwS,777,Ackerstr. 133,
HwS,778,Heimkehlenstraße 7,gas:1--heating-circuit:1--warm-water:1
HwS,779,Knausstr. 8,gas:1--heating-circuit:1--heating-circuit:2--heating-circuit:3
HwS,780,Bahnhofstr. 43 - Heizhaus,
HwS,781,Jahnstraße 14,gas:1--solar-thermal:1--buffer-tank:1--heating-circuit:1--warm-water:1
HwS,782,Jahnstraße 30,gas:1--hydraulic-separator:1--heating-circuit:1--solar-thermal:1--buffer-tank:1--warm-water:1
HwS,783,Jahnstraße 40,gas:1--solar-thermal:1--buffer-tank:1--heating-circuit:1--warm-water:1
HwS,784,Jahnstraße 42,gas:1--hydraulic-separator:1--heating-circuit:1--solar-thermal:1--buffer-tank:1--warm-water:1
HwS,785,Jahnstraße 46,gas:1--hydraulic-separator:1--heating-circuit:1--solar-thermal:1--buffer-tank:1--warm-water:1
HwS,787,An den Hubertshäusern 23,gas:1--heating-circuit:1--warm-water:1
HwS,788,Gruberzeile 12,gas:1--gas:2--gas:3--heating-circuit:1
GBSt,792,WIE 11; Am Espenpfuhl 90,gas:1--heat-exchanger:1--heating-circuit:1--heating-circuit:2--warm-water:1
GBSt,793,WIE 12; Am Espenpfuhl 97,gas:1--heat-exchanger:1--heating-circuit:1--heating-circuit:2--warm-water:1
GBSt,794,"WIE 14, Am Espenpfuhl 90a",gas:1--heat-exchanger:1--heating-circuit:1--heating-circuit:2--warm-water:1
GBSt,795,"WIE 15, Am Espenpfuhl 90b",
GBSt,796,WIE 203/206//207; Neumannstr. 48,
GBSt,797,WIE 207 -1; Granitzstr. 11,gas:1--gas:2--heat-exchanger:1--heating-circuit:1--warm-water:1
GBSt,798,WIE 216-1; Zeiler Weg 36,gas:1--gas:2--heat-exchanger:1--heating-circuit:1--heating-circuit:2--warm-water:1
GBSt,799,WIE 216-2; Dettelbacher Weg 22,gas:1--heat-exchanger:1--heating-circuit:1--warm-water:1
GBSt,800,WIE 216-3; Prenzl. Prom. 121,gas:1--gas:2--heat-exchanger:1--heating-circuit:1--heating-circuit:2--warm-water:1
GBSt,801,WIE 216-4; Dettelbacher Weg 6,gas:1--gas:2--heat-exchanger:1--heating-circuit:1--warm-water:1
GBSt,1772,WIE 004; Schönhauser Str. 10A,
Green Way,358,Rüsternallee 24,district-heating:1--warm-water:1--heating-circuit:1
Green Way,373,Hansastraße 145,district-heating:1--warm-water:1--heating-circuit:1--heating-circuit:2
Green Way,374,Alt-Stralau 32B,district-heating:1--warm-water:1--heating-circuit:1--heating-circuit:2
Green Way,394,Hansastraße 69,district-heating:1--warm-water:1--heating-circuit:1--heating-circuit:2
Green Way,437,Friedrichstraße 132,gas:1--gas:2--global-separation-circuit:1--heating-circuit:1--heating-circuit:2
Green Way,450,"Bielefelder Str. 10,10a,11,11a / Eisenzahnstraße 39",district-heating:1--heating-circuit:1
Green Way,597,Kaiserstraße 3-5,
Green Way,753,August-Borsig-Ring 9,gas:1--heating-circuit:1--heating-circuit:2--heating-circuit:3--heating-circuit:4--heating-circuit:5--heating-circuit:6--warm-water:1
Green Way,1314,Unterstation Hansastraße 71/73,district-heating:1--heating-circuit:1--warm-water:1
Green Way,1315,Unterstation Hansastraße 75/77,district-heating:1--heating-circuit:1--warm-water:1
Green Way,1316,Unterstation Hansastraße 91-95,district-heating:1--heating-circuit:1--warm-water:1
Green Way,1317,Unterstation Hansastraße 85,district-heating:1--heating-circuit:1--warm-water:1
Green Way,1318,Unterstation Hansastraße 79-83,district-heating:1--heating-circuit:1--warm-water:1
Green Way,1319,Unterstation Hansastraße 87-89,district-heating:1--heating-circuit:1--warm-water:1
Green Way,1320,Unterstation Hansastraße 97,district-heating:1--heating-circuit:1--warm-water:1
Green Way,1321,Unterstation Hansastraße 99/101,district-heating:1--heating-circuit:1--warm-water:1
Green Way,1322,Unterstation Hansastraße 103/105,district-heating:1--heating-circuit:1--warm-water:1
Green Way,1323,Unterstation Hansastraße 107/109,district-heating:1--heating-circuit:1--warm-water:1
Green Way,1324,Unterstation Hansastraße 111,district-heating:1--heating-circuit:1--warm-water:1
Green Way,1325,Unterstation Hansastraße 113-117,district-heating:1--heating-circuit:1--warm-water:1
Green Way,1326,Unterstation Hansastraße 119/121,district-heating:1--heating-circuit:1--warm-water:1
Green Way,1327,Unterstation Hansastraße 123,district-heating:1--heating-circuit:1--warm-water:1
Green Way,1328,Unterstation Hansastraße 125-129,district-heating:1--heating-circuit:1--warm-water:1
Green Way,1329,Unterstation Hansastraße 131/133,district-heating:1--heating-circuit:1--warm-water:1
Green Way,1330,Unterstation Hansastraße 135,district-heating:1--heating-circuit:1--warm-water:1
Green Way,1331,Unterstation Hansastraße 137,district-heating:1--heating-circuit:1--warm-water:1
Green Way,1332,Unterstation Hansastraße 139-143,district-heating:1--heating-circuit:1--warm-water:1
Baugesellschaft Nettetal,1560,Steyler Str. 115,gas:1--heat-exchanger:1--heating-circuit:1
Baugesellschaft Nettetal,1561,Römerstraße 1a,
Baugesellschaft Nettetal,1562,Römerstraße 3,heat-pump:1--buffer-tank:1--heat-exchanger:1--right-down-pipes:1--gas:1--heat-exchanger:2--heating-circuit:1
Baugesellschaft Nettetal,1563,Römerstr. 3a,
Baugesellschaft Nettetal,1564,Römerstr. 3b,
Baugesellschaft Nettetal,1565,Am Kastell 7 a,gas:1--solar-thermal:1--warm-water:1--heating-circuit:1
Baugesellschaft Nettetal,1566,Grenzwaldstr. 49,gas:1--warm-water:1--heat-exchanger:1--heating-circuit:1
Baugesellschaft Nettetal,1567,Ringstr. 22,gas:1--heat-exchanger:1--solar-thermal:1--buffer-tank:1--heating-circuit:1
Baugesellschaft Nettetal,1568,Am Bongartzstift 7,heat-pump:1--buffer-tank:1--right-down-pipes:1--gas:1--heat-exchanger:1--heating-circuit:1--warm-water:1
Baugesellschaft Nettetal,1569,Breslauer Str. 5 a-h (ein Gebäude),chp:1--solar-thermal:1--warm-water:1--heating-circuit:1
Lempert & Zilch,534,Cecinastraße 24,heat-pump:1--right-down-pipes:1--heat-pump:2--valves:1--solar-thermal:1--warm-water:1--buffer-tank:1--heating-circuit:1
Lempert & Zilch,535,Cecinastraße 28,heat-pump:1--right-down-pipes:1--heat-pump:2--valves:1--solar-thermal:1--warm-water:1--buffer-tank:1--heating-circuit:1
Lempert & Zilch,536,Cecinastraße 32,heat-pump:1--right-down-pipes:1--heat-pump:2--valves:1--solar-thermal:1--warm-water:1--buffer-tank:1--heating-circuit:1
Lempert & Zilch,537,Am Steinberg 37,heat-pump:2--warm-water:1--right-down-pipes:1--heat-pump:1--buffer-tank:1--heating-circuit:1
Lempert & Zilch,538,Meginhardstraße 29,gas:1--solar-thermal:1--buffer-tank:1--heating-circuit:1--heating-circuit:2--warm-water:1
Lempert & Zilch,559,Am Hang 7,heat-pump:1--right-down-pipes:1--heat-pump:2--gas:1--warm-water:1--buffer-tank:1--heating-circuit:1
Lempert & Zilch,560,Grafrather Straße 9,
Lempert & Zilch,561,Gotzmannstraße 5,gas:1--solar-thermal:1--buffer-tank:1--heating-circuit:1--heating-circuit:2--warm-water:1
Lempert & Zilch,562,Schöngeisinger Straße 2,gas:1--solar-thermal:1--buffer-tank:1--heating-circuit:1--heating-circuit:2--warm-water:1
Lempert & Zilch,563,Sandstraße 5,gas:1--buffer-tank:1--heating-circuit:1--heating-circuit:2--warm-water:1
Lempert & Zilch,564,Franz-Fischer-Straße 5,
Lempert & Zilch,565,Franz-Fischer-Straße 13,
Lempert & Zilch,566,Robert-Koch-Straße 100,gas:1--gas:2--warm-water:1--buffer-tank:1--heating-circuit:1
Lempert & Zilch,567,Sandstraße 3,heat-pump:1--right-down-pipes:1--heat-pump:2--buffer-tank:1--heating-circuit:1
Lempert & Zilch,568,Schildensteinweg 5,
Lempert & Zilch,1447,Auweg 20,gas:1--solar-thermal:1--buffer-tank:1--heating-circuit:1--warm-water:1
WSL,327,Beckerstraße 52,district-heating:1--heating-circuit:1
WSL,459,Beckerstr. 24,district-heating:1--heating-circuit:1--heating-circuit:2
WSL,460,Beckerstr. 28,district-heating:1--heating-circuit:1--heating-circuit:2--warm-water:1
WSL,461,Beckerstr. 38,district-heating:1--heating-circuit:1--heating-circuit:2--warm-water:1
WSL,462,Beckerstr. 46,district-heating:1--heating-circuit:1--heating-circuit:2--warm-water:1
WSL,555,Leidholdstr. 16,gas:1--heat-exchanger:1--heating-circuit:1--warm-water:1
WSL,556,Morgensternstr. 20,district-heating:1--heating-circuit:1--heating-circuit:2--warm-water:1
WSL,557,Haydnstr. 4,district-heating:1--heating-circuit:1--heating-circuit:2--warm-water:1
WSL,558,An der Bahn 3,gas:1--global-separation-circuit:1--heating-circuit:1--warm-water:1
WSL,1455,Robert-Schumann-Str. 1,district-heating:1--heating-circuit:1--heating-circuit:2--warm-water:1
WSL,1456,Telemannstr. 1,district-heating:1--heating-circuit:1--heating-circuit:2--warm-water:1
Bauverein Bergisches Heim,598,Am Junkernkamp 15 (versorgt Am Junkernkamp 15+17),gas:1--global-separation-circuit:1--heating-circuit:1--heating-circuit:2
Bauverein Bergisches Heim,599,Am Kühnsbusch 52 (versorgt Am Kühnsbusch 50+52),gas:1--heating-circuit:1
Bauverein Bergisches Heim,600,Eintrachtstr. 1 (versorfgt Eintrachtstr. 1+3),district-heating:1--heating-circuit:1--heating-circuit:2--warm-water:1
Bauverein Bergisches Heim,601,Feldstr. 6,gas:1--global-separation-circuit:1--heating-circuit:1
Bauverein Bergisches Heim,602,"Görlitzer Str. 24 a (versorgt Görlitzer Str. 24 f, Kolberger Str. 64+66, Görlitzer Str. 24 g-k)",gas:1--gas:2--gas:3--gas:4--gas:5--global-separation-circuit:1--heating-circuit:1--heating-circuit:2--heating-circuit:3--heating-circuit:4--warm-water:1
Bauverein Bergisches Heim,603,Löwenburgstr. 5 (versorgt Löwenburgstr. 5+7),gas:1--global-separation-circuit:1--heating-circuit:1--heating-circuit:2
Coastline,351,Boddinstraße 60,gas:1--heat-exchanger:1--heating-circuit:1
Coastline,352,Lüneburger Straße 36,gas:1--empty-pipes:1--down-right-pipes:1--four-way-valve:1--heating-circuit:1--down-left-pipes:1--warm-water:1
DIE EHRENFELDER,326,Äussere Kanalstraße 140,gas:1--gas:2--heat-exchanger:1--heating-circuit:1--heating-circuit:2--heating-circuit:3--warm-water:1--warm-water:2--warm-water:3
DIE EHRENFELDER,328,Goldammerweg 42a,gas:1--gas:2--gas:3--heating-circuit:1--heating-circuit:2--heating-circuit:3--heating-circuit:4--heating-circuit:5--warm-water:1
DIE EHRENFELDER,333,Gottfried-Daniels-Str. 37a,gas:1--gas:2--global-separation-circuit:1--heating-circuit:1--heating-circuit:2--warm-water:1
DIE EHRENFELDER,426,Im Weichserhof 1/Maler-Bock-Gässchen 2 - 50678 Köln,gas:1--gas:2--heating-circuit:1--heating-circuit:2--heating-circuit:3--heating-circuit:4--warm-water:1
DIE EHRENFELDER,427,Baadenberger Str. 140,gas:1--gas:2--global-separation-circuit:1--heating-circuit:1--warm-water:1
DIE EHRENFELDER,428,Görlinger Zentrum 1,district-heating:1--heating-circuit:1--warm-water:1
DIE EHRENFELDER,429,Konrad-Adenauer-Str. 28-40,gas:1--gas:2--heating-circuit:1
DIE EHRENFELDER,430,Baadenberger Str. 142-144,gas:1--gas:2--global-separation-circuit:1--heating-circuit:1--heating-circuit:2--heating-circuit:3
DIE EHRENFELDER,431,Lenaustr. 7-17,heat-pump:1--heat-pump:2--heat-exchanger:1--gas:1--warm-water:1--buffer-tank:1--heating-circuit:1--heating-circuit:2
DIE EHRENFELDER,432,Gutenbergstraße 27 / Stammstraße 97/97a,gas:1--heating-circuit:1--heating-circuit:2--heating-circuit:3--warm-water:1
DIE EHRENFELDER,433,Subbelrather Str. 300/300A,gas:1--heating-circuit:1--heating-circuit:2--warm-water:1
DIE EHRENFELDER,434,Theodor-Heuss-Straße 1,gas:1--gas:2--gas:3--heat-exchanger:1--heating-circuit:1--warm-water:1
DIE EHRENFELDER,452,Iltisstraße 122,gas:1--heating-circuit:1--heat-exchanger:1--warm-water:1
DIE EHRENFELDER,453,Iltisstraße 128C,gas:1--heating-circuit:1--heat-exchanger:1--warm-water:1
DIE EHRENFELDER,454,Iltisstraße 18,gas:1--heating-circuit:1--heat-exchanger:1--warm-water:1
DIE EHRENFELDER,455,Iltisstraße 20,gas:1--heating-circuit:1--heating-circuit:2--heating-circuit:3--heat-exchanger:1--warm-water:1
DIE EHRENFELDER,456,Jakob-Schupp-Straße 22+24,gas:1--heating-circuit:1--heating-circuit:2--heating-circuit:3--heat-exchanger:1--warm-water:1
DIE EHRENFELDER,457,Simrockstraße 62-66,gas:1--heating-circuit:1--heat-exchanger:1--warm-water:1
DIE EHRENFELDER,545,Simrockstr. 56-60c,gas:1--heat-exchanger:1--heating-circuit:1--heating-circuit:2--warm-water:1
DIE EHRENFELDER,546,Ennenstr. 2a,heat-pump:1--buffer-tank:1--heating-circuit:1
DIE EHRENFELDER,547,Graseggerstr. 4,gas:1--heating-circuit:1--heating-circuit:2--warm-water:1
DIE EHRENFELDER,548,Rochusstr. 307,gas:1--gas:2--gas:3--global-separation-circuit:1--buffer-tank:1--buffer-tank:2--heating-circuit:1--heating-circuit:2--heating-circuit:3
DIE EHRENFELDER,549,Jüssenstr. 8,gas:1--gas:2--gas:3--global-separation-circuit:1--buffer-tank:1--buffer-tank:2--heating-circuit:1--heating-circuit:2
DIE EHRENFELDER,550,Masiusstraße 8,gas:1--gas:2--gas:3--global-separation-circuit:1--buffer-tank:1--buffer-tank:2--heating-circuit:1--heating-circuit:2
DIE EHRENFELDER,551,Kevelaerer Str. 15,
DIE EHRENFELDER,552,Jüssenstr. 24,
DIE EHRENFELDER,553,Scheidtweiler Str. 40-48,
DIE EHRENFELDER,554,"Schlösserstr. 1-5 , Kleiststr. 3",heat-pump:1--buffer-tank:1--right-down-pipes:1--gas:1--global-separation-circuit:1--heating-circuit:1--heating-circuit:2
DIE EHRENFELDER,1483,Brentanostr. 1-9,gas:1--heating-circuit:1--buffer-tank:1--heating-circuit:2--warm-water:1
DIE EHRENFELDER,1484,Nußbaumerstr. 284-286,
DIE EHRENFELDER,1485,Ballumer Str. 3-13,
DIE EHRENFELDER,1486,Hadersleber Str. 1,gas:1--heating-circuit:1
DIE EHRENFELDER,1487,Takustr. 19+21,gas:1--global-separation-circuit:1--heating-circuit:1--heating-circuit:2--warm-water:1
DIE EHRENFELDER,1488,Kleine Witschgasse 19+ Rheinaustr. 26,district-heating:1--heating-circuit:1--heating-circuit:2--warm-water:1
DIE EHRENFELDER,1489,Ennenstr. 9,
DIE EHRENFELDER,1490,Ballumer Str. 4-12,gas:1--heating-circuit:1--heating-circuit:2--warm-water:1
DIE EHRENFELDER,1491,Ballumer Str. 1a,
DIE EHRENFELDER,1492,Nussbaumerstr. 1,gas:1--heating-circuit:1--warm-water:1
DIE EHRENFELDER,1493,An der Eiche 9,chp:1--global-separation-circuit:1--heating-circuit:1
DIE EHRENFELDER,1494,Subbelrather Str. 131,
DIE EHRENFELDER,1495,Heidemannstr. 68,
DIE EHRENFELDER,1496,Eichendorffstr. 44,
DIE EHRENFELDER,1497,Vasterstr. 33+35,
DIE EHRENFELDER,1498,Ballumer Str. 2a,
DIE EHRENFELDER,1499,Henriette-Ackermann-Str. 2,gas:1--heating-circuit:1--warm-water:1
DIE EHRENFELDER,1500,Margaretastr. 38,
DIE EHRENFELDER,1501,Vastersstr. 23+25,gas:1--global-separation-circuit:1--heating-circuit:1
DIE EHRENFELDER,1502,Rosenstr. 25,gas:1--heating-circuit:1--warm-water:1
DIE EHRENFELDER,1503,Xantener Str. 97,
empact,5,Raderberger Straße 154-160,gas:1--gas:2--down-right-pipes:1--buffer-tank:1--empty-pipes:1--chp:1--global-separation-circuit:1--heating-circuit:1--heating-circuit:2--warm-water:1
BWB,334,Sternstraße 29-31,district-heating:1--heating-circuit:1--buffer-tank:1--warm-water:1
BWB,335,Xantener Str. 7,district-heating:1--buffer-tank:1--heating-circuit:1--heating-circuit:2
BWB,336,Luisenstraße 56 (versorgt Luisenstr. 52-62a),gas:1--heat-exchanger:1--heating-circuit:1--heating-circuit:2--heating-circuit:3
BWB,337,Silcherstraße 23,gas:1--heat-exchanger:1--heating-circuit:1
BWB,338,Am Binnenwasser 7-11,district-heating:1--buffer-tank:1--heating-circuit:1
BWB,370,Sternstraße 33-35,district-heating:1--heating-circuit:1--buffer-tank:1--warm-water:1
BWB,1337,Kronprinzenstr. 100 Tiefgarage,
BWB,1338,Gustav-Poensgen-Str. 25 Keller,gas:1--heating-circuit:1--heating-circuit:2--heating-circuit:3
BWB,1339,Bunsenstr. 16 Dachboden,gas:1--gas:2--gas:3--global-separation-circuit:1--heating-circuit:1--heating-circuit:2
BWB,1340,Brend'amourstr.14,gas:1--global-separation-circuit:1--heating-circuit:1
BWB,1341,Himmelgeisterstr. 145-147,
BWB,1342,Oberkasseler Str. 31,
BWB,1343,Merowingerstr. 104 Heizungskeller,
BWB,1344,Engerstr.10 Keller,gas:1--gas:2--global-separation-circuit:1--heating-circuit:1--heating-circuit:2
BWB,1345,Kopernikusstr. 79-83,gas:1--heating-circuit:1
BWB,1346,Schwerinstr. 43 Keller,district-heating:1--buffer-tank:1--heating-circuit:1
BWB,1347,Flurstr. 69 Dachgeschoss,gas:1--global-separation-circuit:1--heating-circuit:1
BWB,1348,"Werstener Feld 29, Dachgeschoss",
BWB,1349,"Kaiserstr. 46, Keller Vordergebäude",district-heating:1--heating-circuit:1--heating-circuit:2--heating-circuit:3--heating-circuit:4--warm-water:1
BWB,1350,Ganghoferstr. 16,
BWB,1351,Erftstr. 29 Dachgeschoss,gas:1--gas:2--global-separation-circuit:1--heating-circuit:1
BWB,1352,Silcherstr. 24,
BWB,1353,Rathenower Str. 29,
BWB,1354,Oberkasseler Straße 41,gas:1--heating-circuit:1
BWB,1355,Rathenower Str. 14,
BWB,1356,Heyestr.72,gas:1--gas:2--heating-circuit:1
BWB,1357,Rathenower Str. 11,gas:1--global-separation-circuit:1--heating-circuit:1
BWB,1358,An der Icklack 11,gas:1--global-separation-circuit:1--heating-circuit:1
BWB,1359,St. Franziskus-Str.151 hinterm Fahrradkeller,gas:1--global-separation-circuit:1--heating-circuit:1--heating-circuit:2--heating-circuit:3
HSG,387,Brillkamp 1-9,gas:1--gas:2--global-separation-circuit:1--heating-circuit:1--heating-circuit:2--heating-circuit:3--warm-water:1
HSG,388,Jägerstraße 7-13,gas:1--gas:2--global-separation-circuit:1--heating-circuit:1--heating-circuit:2--warm-water:1
HSG,389,Fritz-Neubers-Weg 2,district-heating:1--heating-circuit:1
HSG,390,Warnstedtstraße 21-29,gas:1--gas:2--gas:3--global-separation-circuit:1--heating-circuit:1--heating-circuit:2--warm-water:1
HSG,391,Hellbrookstraße 15,district-heating:1--heating-circuit:1
HSG,569,Warnstedtstraße 33,gas:1--gas:2--gas:3--global-separation-circuit:1--heating-circuit:1--heating-circuit:2--warm-water:1
HSG,641,Berthastr. 6-8,
HSG,1627,Schmüserstraße 16,gas:1--solar-thermal:1--warm-water:1--heating-circuit:1
HSG,1628,Berthastraße 12 (Unterstation),
HSG,1629,Berthastraße 18 (Unterstation),
HSG,1630,Berthastraße 24 (Unterstation),
HSG,1631,Berthastraße 30 (Unterstation),
HSG,1632,Böcklerstraße 2,local-heating-station:1--heating-circuit:1
HSG,1633,Böcklerstraße 4,local-heating-station:1--heating-circuit:1
HSG,1634,Böcklerstraße 8,local-heating-station:1--heating-circuit:1
HSG,1635,Böcklerstraße 12,local-heating-station:1--heating-circuit:1
HSG,1636,Böcklerstraße 16,local-heating-station:1--heating-circuit:1
HSG,1637,Böcklerstraße 20,local-heating-station:1--heating-circuit:1
HSG,1638,Hermelinweg 2,
HSG,1639,Neusurenland 168,
HSG,1640,Walddörferstr. 137,gas:1--heating-circuit:1--warm-water:1
HSG,1641,Kamerstücken 41,
HSG,1724,Cäcilienstraße 8,
HSG,1725,Krohnskamp 75,
HSG,1726,Dorotheenstraße 116,
HSG,1727,Gottschedstr. 25,
SBV,438,An d. Ziegelei 38,gas:1--gas:2--global-separation-circuit:1--heating-circuit:1--heating-circuit:2--heating-circuit:3
SBV,439,Peter-Bremer-Straße 6,gas:1--heating-circuit:1
SBV,1935,Elisabeth-Lindner-Str. 1,
SBV,1936,Elisabeth-Lindner-Str. 3a,
SBV,1937,Elisabeth-Lindner-Str. 3,
SBV,1938,Elisabeth-Lindner-Str. 5,
SBV,1939,Am Goldberg 3b,
SBV,1940,Turnplatz 6,
Sahle,414,Stresemannstraße 8,gas:1--gas:2--global-separation-circuit:1--heating-circuit:1--heating-circuit:2--warm-water:1
Sahle,630,Gescherweg 127,
Liechtenstein Gruppe,440,Porzellangasse 35,district-heating:1--heating-circuit:1--heating-circuit:2--heating-circuit:3--heat-exchanger:1--warm-water:1
Creon,533,Methfesselstraße 43,gas:1--gas:2--heating-circuit:1--heating-circuit:2--heating-circuit:3--heating-circuit:4--warm-water:1
HOWOGE,349,Rathausstraße 11 C,
HOWOGE,1365,Rathausstraße 12,
WGG,570,Feldstr. 38a,district-heating:1--down-right-pipes:1--heat-exchanger:1--heating-circuit:1--heat-exchanger:2--down-left-pipes:1--warm-water:1
Lava Energy,375,Lindenstr. 8,
Lava Energy,376,Birkenstraße 3,
Lava Energy,377,Glück-Auf-Straße 21,
Lava Energy,378,Glück-Auf-Straße 7,
Lava Energy,379,Südstraße 2,
Lava Energy,380,Am Riehkamp 40,
Lava Energy,381,Am Riehkamp 38,
Lava Energy,382,Glück-Auf-Straße 19,
Lava Energy,383,Birkenstraße 4,
Lava Energy,384,Südstraße 9,
Lava Energy,385,Südstraße 12,
Lava Energy,386,Südstraße 37,
Lava Energy,401,Haslocher Weg 35,
Lava Energy,404,Haslocher Weg 67,
Lava Energy,405,Haslocher Weg 59,
Lava Energy,406,Robert-Bunsen-Weg 42-46,
Lava Energy,407,Robert-Bunsen-Weg 38,
Lava Energy,408,Robert-Bunsen-Weg 26-32,
Lava Energy,409,Haslocher Weg 21-27,
Lava Energy,410,Landsberger Str. 155,
Lava Energy,411,Robert-Bunsen-Weg 18-24,
Lava Energy,412,Robert-Bunsen-Weg 10-16,
Lava Energy,413,Zieglerweg 1-9,
Lava Energy,416,Haslocher Weg 75,
Lava Energy,479,Anna-Theurer-Str. 8,chp:1--buffer-tank:1--gas:1--heating-circuit:1--warm-water:1
Lava Energy,754,Ulmer Straße 325,
Lava Energy,786,Haslocher Weg 49,
BGN,1369,Langenhorster Str. 90-92,
BGN,1370,Josefinenanger 9,
BGN,1371,Josefinenanger 7,
BGN,1372,Josefinenanger 6,
BGN,1373,Ernst-Moritz-Arndt-Str. 1-5,gas:1--heating-circuit:1
BGN,1374,Birther Str 42-46,gas:1--heating-circuit:1
BGN,1375,Birther Str 36-40,
BGN,1376,Birther Str 35,gas:1--heating-circuit:1--heating-circuit:2--heating-circuit:3
BGN,1377,Ahornstr. 19-21,gas:1--heat-exchanger:1--heating-circuit:1
BBU,444,Lentzeallee 107,district-heating:1--heating-circuit:1--heating-circuit:2
GEO,2,Seeweg 14,
GETEC,101,Lincolnstr. 16,
GETEC,102,Neumarkplan 1A,
GETEC,103,Wilhelm-Guddorf-Str. 6,
GETEC,104,Neumarkplan 15C,
GETEC,105,Plonzstr. 2,
GETEC,106,Tangermünder Str. 110,
GETEC,107,Stavanger Str. 9,
GETEC,108,Neumarkplan 13A,
GETEC,109,Neumarkplan 12A,
GETEC,110,Weverstr. 71D,
GETEC,111,Weverstr. 11A,
GETEC,112,Lincolnstr. 48,
GETEC,113,Neumarkplan 14A,
GETEC,114,Armbrustweg 17,
GETEC,115,Klemkestr. 20,
GETEC,116,Breitkopfstr. 103,
GETEC,117,Büchsenweg 19,
GETEC,118,Armbrustweg 15,
GETEC,119,Breitkopfstr. 130,
GETEC,120,Büchsenweg 9,
GETEC,121,Armbrustweg 21,
GETEC,122,Breitkopfstr. 132,
GETEC,123,Grünrockweg 3,
GETEC,124,Grünrockweg 4,
GETEC,125,Armbrustweg 14,
GETEC,126,Lampesteig 11,
GETEC,127,Breitkopfstr. 136,
GETEC,128,Armbrustweg 19,
GETEC,129,Grünrockweg 8,
GETEC,130,Grünrockweg 10,
GETEC,131,Armbrustweg 11,
GETEC,132,Armbrustweg 18,
GETEC,133,Achtermannstr. 45,
GETEC,134,Petzoldtweg 20,
GETEC,135,Wilhelm-Guddorf-Str. 14,
GETEC,136,Lincolnstr. 60,
GETEC,137,Stendaler Str. 142,
GETEC,138,Alfred-Randt-Str. 14,
GETEC,139,Arneburger Str. 7,
GETEC,140,Jerichower Str. 3,
GETEC,141,Aalesunder Str. 9,
GETEC,142,Neumarkplan 10A,
GETEC,143,Aalesunder Str. 10,
GETEC,144,Neumarkplan 9C,
GETEC,145,Götelstr. 99,
GETEC,146,Wachenheimer Weg 8,
GETEC,147,Pistoriusplatz 15,
GETEC,148,Erich-Kurz-Str. 13,
GETEC,149,Neumarkplan 5A,
GETEC,150,Neumarkplan 4C,
GETEC,151,Pistoriusstr. 121,
GETEC,152,Neumarkplan 2A,
GETEC,153,Tangermünder Str. 84,
GETEC,154,Neumarkplan 3A,
GETEC,155,Tangermünder Str. 58,
GETEC,156,Neumarkplan 6B,
GETEC,157,Alfred-Randt-Str. 20,
GETEC,158,Arneburger Str. 4,
GETEC,159,Neumarkplan 8A,
GETEC,160,Tangermünder Str. 3,
GETEC,161,Neumarkplan 7B,
GETEC,162,Jerichower Str. 4,
GETEC,163,Neumarkplan 11C,
GETEC,164,Max-Steinke-Str. 19,
GETEC,165,Lampesteig 1,
GETEC,166,Raoul-Wallenberg-Str. 45,
GETEC,167,Allee der Kosmonauten 117,
GETEC,168,Murtzaner Ring 60,
GETEC,169,Poelchaustr. 32,
GETEC,170,Lossebergplatz 1,
GETEC,171,Salzbrunner Str. 35A,
GETEC,172,An der Kappe 62C,
GETEC,173,Otto-Krüger-Zeile 1,
GETEC,174,Zellerfelder Str. 8B,
GETEC,175,Wattstr. 52,
GETEC,176,Techowpromenade 50,
GETEC,177,Achillesstr. 74,
GETEC,178,Swinemünder Str. 44,
GETEC,179,Mehrower Allee 36,
GETEC,180,Stolzenhagener Str. 7,
GETEC,181,Borkzeile 35D,
GETEC,182,Breitkopfstr. 101,
GETEC,183,Büchsenweg 11,
GETEC,184,Alte Jakobstr. 172,
GETEC,185,Buckower Ring 71,
GETEC,186,Oeynhauser Str. 3,
GETEC,187,Stralsunder Str. 63,
GETEC,188,Armbrustweg 13,
GETEC,189,Röttkenring 32,
GETEC,190,Stendaler Str. 117,
GETEC,191,Johannes-Bobrowski-Str. 15,
GETEC,192,Murtzaner Ring 64,
GETEC,193,Teupitzer Str. 46,
GETEC,194,An der Kappe 65D,
GETEC,195,Zeppelinstr. 78A,
GETEC,196,Bärensteinstr. 4,
GETEC,197,Gudrunstr. 9,
GETEC,198,Residenzstr. 147,
GETEC,199,Klemkestr. 12,
GETEC,200,Buckower Ring 59,
GETEC,201,Breitkopfstr. 121,
GETEC,202,Klemkestr. 16,
GETEC,203,Breitkopfstr. 134,
GETEC,204,Klemkestr. 18,
GETEC,205,Lea-Grundig-Str. 18,
GETEC,206,Murtzaner Ring 34,
GETEC,207,Klemkestr. 17,
GETEC,208,Breitkopfstr. 138,
GETEC,209,Breitkopfstr. 107,
GETEC,210,Grünrockweg 5,
GETEC,211,Am Breiten Luch 44,
GETEC,212,Am Klauswerder 7,
GETEC,213,Poelchaustr. 22,
GETEC,214,Forkenzeile 22,
GETEC,215,Falkenberger Chaussee 18,
GETEC,216,Poelchaustr. 28,
GETEC,217,Falkenberger Chaussee 6B,
GETEC,218,Lampesteig 3,
GETEC,219,Klemkestr. 14,
GETEC,220,Breitkopfstr. 119,
GETEC,221,Klemkestr. 50,
GETEC,222,Murtzaner Ring 26,
GETEC,223,Zum Kappgraben 18,
GETEC,224,Klemkestr. 9,
GETEC,225,An der Kappe 58C,
GETEC,226,Grünrockweg 7,
GETEC,227,Mehrower Allee 50,
GETEC,228,Residenzstr. 143,
GETEC,229,Torstr. 18,
GETEC,230,Teupitzer Str. 30,
GETEC,231,Teupitzer Str. 15,
GETEC,232,An der Kappe 72,
GETEC,233,An der Kappe 61,
GETEC,234,An der Kappe 69D,
GETEC,235,Forkenzeile 7,
GETEC,236,Wuhlestr. 7,
GETEC,237,Zum Kappgraben 16,
GETEC,238,Röttkenring 6,
GETEC,239,Murtzaner Ring 18,
GETEC,240,Murtzaner Ring 8,
GETEC,241,Bärensteinstr. 44,
GETEC,242,Lea-Grundig-Str. 6,
GETEC,243,Achtermannstr. 1,
GETEC,244,Barther Str. 48,
GETEC,245,Murtzaner Ring 16,
GETEC,246,Paracelsusstr. 36,
GETEC,247,Alexandrinenstr. 100,
GETEC,248,Lea-Grundig-Str. 10,
GETEC,249,Blumberger Damm 6,
GETEC,250,Rüdickenstr. 10,
GETEC,251,An der Kappe 81C,
GETEC,252,Achillesstr. 82,
GETEC,253,Murtzaner Ring 22,
GETEC,254,Buckower Ring 79,
GETEC,255,Rosenfelder Str. 20,
GETEC,256,Borner Str. 7,
GETEC,257,Barther Str. 12,
GETEC,258,An der Kappe 56D,
GETEC,259,Bärensteinstr. 42,
GETEC,260,An der Kappe 59,
GETEC,261,Achillesstr. 72,
GETEC,262,Archenholdstr. 46,
GETEC,263,An der Kappe 73D,
GETEC,264,Murtzaner Ring 31,
GETEC,265,Togostr. 25,
GETEC,266,Mentelinstr. 55,
GETEC,267,Residenzstr. 149,
GETEC,268,Klemkestr. 11,
GETEC,269,Breitkopfstr. 105,
GETEC,270,Breitkopfstr. 109,
GETEC,271,Residenzstr. 148,
GETEC,272,Breitkopfstr. 99,
GETEC,273,Armbrustweg 16,
GETEC,274,Klemkestr. 22,
GETEC,275,Barther Str. 58,
GETEC,276,An der Kappe 79,
GETEC,277,An der Kappe 70C,
GETEC,278,Alte Hellersdorfer Str. 138,
GETEC,279,An der Kappe 75C,
GETEC,281,Forkenzeile 11,
GETEC,283,Forkenzeile 13,
GETEC,285,An der Kappe 66A,
GETEC,286,An der Kappe 71D,
GETEC,287,An der Kappe 68C,
GETEC,288,Allee der Kosmonauten 113,
GETEC,289,Mark-Twain-Str. 36,
GETEC,290,Prießnitzstr. 1,
GETEC,291,Klaustaler Str. 20,
GETEC,292,Mark-Twain-Str. 14,
GETEC,293,Mark-Twain-Str. 17,
GETEC,294,Rosenfelder Str. 21,
GETEC,295,Achillesstr. 94,
GETEC,296,Breitkopfstr. 140,
GETEC,297,Forkenzeile 9,
GETEC,298,Barther Str. 30,
GETEC,299,Forkenzeile 17,
GETEC,300,Forkenzeile 26,
GETEC,301,Achillesstr. 96,
GETEC,302,Grünrockweg 6,
GETEC,303,Hildburghauser Str. 29,
GETEC,359,Defreggerstraße 8B,
GETEC,360,Kiefholzstraße 151A,
GETEC,361,Hartriegelstraße 92,
GETEC,362,Hartriegelstraße 106,
GETEC,363,Moosstraße 59,
GETEC,364,Moosstraße 73,
GETEC,365,Oleanderstraße 5,
GETEC,366,"Großbeerenstraße 2-10, Haus 3",
GETEC,368,Zietenstraße 16,
GETEC,395,Zietenstraße 18 / Wago,
GETEC,396,"Reginhardstraße 16, HZ",
GETEC,397,"Reginhardstraße 16, US14",
GETEC,398,Reginhardstraße 22,
GETEC,399,"Großbeerenstraße 2-10, Haus 1",
GETEC,400,"Großbeerenstraße 2-10, Haus 4",
GETEC,435,Nollendorfstraße 2,
GETEC,436,Zietenstraße 18 / II,
GETEC,445,Albert-Einstein-Straße 3,
GETEC,446,Albert-Einstein-Straße 5,
GETEC,447,Albert-Einstein-Straße 7,
GETEC,448,Albert-Einstein-Straße 9,
GETEC,755,Georg-Hermann-Allee 1,
[DEMO ACCOUNT],353,Beckerstraße 33,district-heating:1--heating-circuit:1
[DEMO ACCOUNT],355,Seeweg 17,
[DEMO ACCOUNT],356,Sandstraße 109,
[DEMO ACCOUNT],357,Buchholzer Str. 15,gas:1--global-separation-circuit:1--heating-circuit:1--warm-water:1
[DEMO ACCOUNT],635,Frans-Masereel-Straße 5,
[DEMO ACCOUNT],636,Stresemannstraße 1,gas:1--gas:2--global-separation-circuit:1--heating-circuit:1--heating-circuit:2--warm-water:1
[DEMO ACCOUNT],637,Baadenberger Str. 154,gas:1--gas:2--heat-exchanger:1--heating-circuit:1--heating-circuit:2--heating-circuit:3
Johannes Oetken,347,Bloherfelder Str. 35,gas:1--heating-circuit:1--heating-circuit:2--heating-circuit:3--warm-water:1
Johannes Oetken,348,"Bloherfelder Str. 41 A,B",gas:1--heating-circuit:1--heating-circuit:2--heat-exchanger:1--warm-water:1
Johannes Oetken,422,Am Palstek 2-6,
Johannes Oetken,423,Lindenstraße 67 a-d,
Johannes Oetken,642,Stubbenweg 30,
TAG,1336,Goethestr. 2-28,heat-pump:1--buffer-tank:1--right-down-pipes:1--gas:1--gas:2--global-separation-circuit:1--valves:1--heating-circuit:1--heating-circuit:2
TAG,1504,Eickendorfer Straße 12,
TAG,1505,Carl-Zeiß-Straße 42,district-heating:1--heating-circuit:1--warm-water:1
TAG,1506,Reppnersche Straße 40,
TAG,1507,Rektor-Doelle-Str. 25A,
Erftsiedlungsgenossenschaft Gindorf,702,Burgstraße 16,gas:1--heat-pump:1--right-down-pipes:1--global-separation-circuit:1--buffer-tank:1--heating-circuit:1
Erftsiedlungsgenossenschaft Gindorf,703,Auf dem Wiler 22,gas:1--buffer-tank:1--heating-circuit:1--heating-circuit:2
Erftsiedlungsgenossenschaft Gindorf,704,Cyriakusstraße 8,gas:1--buffer-tank:1--heating-circuit:1--heating-circuit:2--warm-water:1
Erftsiedlungsgenossenschaft Gindorf,705,Im Pfarrgarten 3,
Erftsiedlungsgenossenschaft Gindorf,706,Am flachen Broich 6,gas:1--gas:2--global-separation-circuit:1--heating-circuit:1--heating-circuit:2
Erftsiedlungsgenossenschaft Gindorf,707,Mittelstraße 72,gas:1--heat-exchanger:1--heating-circuit:1
rwb,514,Clausthaler Str. 23,gas:1--heat-exchanger:1--heating-circuit:1
rwb,515,Hahnenkleestr. 9,gas:1--heat-exchanger:1--heating-circuit:1
rwb,516,Clausthaler Str. 25,gas:1--heat-exchanger:1--heating-circuit:1--heating-circuit:2
rwb,517,Biegerfelder Weg 42,district-heating:1--heating-circuit:1
rwb,518,Peschenstr. 17,district-heating:1--heating-circuit:1
rwb,519,Unterbacher Str. 6,gas:1--gas:2--heating-circuit:1--heating-circuit:2
rwb,520,Pattscheider Str.56,gas:1--global-separation-circuit:1--heating-circuit:1
rwb,521,Straßburger Str. 10,gas:1--gas:2--global-separation-circuit:1--heating-circuit:1--warm-water:1
rwb,522,Lüderitzstr. 25a,district-heating:1--heating-circuit:1--warm-water:1
rwb,523,"Lüderitzstr. 47, 47a",gas:1--gas:2--gas:3--heating-circuit:3--solar-thermal:1--buffer-tank:1--heating-circuit:1--heating-circuit:2--warm-water:1
rwb,524,Wupperstr. 44,district-heating:1--heating-circuit:1--heating-circuit:2
rwb,525,Josef-Maria-Olbrich-Str. 28,district-heating:1--solar-thermal:1--buffer-tank:1--heating-circuit:1--heating-circuit:2--warm-water:1
rwb,526,Pariser Straße 97,district-heating:1--heating-circuit:1--heating-circuit:2--heating-circuit:3--heating-circuit:4--heating-circuit:5
rwb,527,Wimpfener Str. 22,gas:1--gas:2--gas:3--gas:4--global-separation-circuit:1--heating-circuit:1--heating-circuit:2--heating-circuit:3--warm-water:1
rwb,528,Wimpfener Str. 4,gas:1--heat-exchanger:1--heating-circuit:1--buffer-tank:1--heating-circuit:2--warm-water:1
rwb,529,Marbacher Straße 26,gas:1--gas:2--hydraulic-separator:1--heating-circuit:1
rwb,530,Schimmelpfennigstr. 1,gas:1--gas:2--global-separation-circuit:1--heating-circuit:1
rwb,531,Ziegeleiweg 2,gas:1--gas:2--global-separation-circuit:1--heating-circuit:1
rwb,532,Schweidnitzer Str. 47,gas:1--gas:2--gas:3--solar-thermal:1--buffer-tank:1--heating-circuit:1--heating-circuit:2--warm-water:1
rwb,626,Jakob-Kneip-Str. 43,district-heating:1--down-right-pipes:1--heat-exchanger:1--heating-circuit:1--heat-exchanger:2--down-left-pipes:1--warm-water:1
rwb,627,Jakob-Kneip-Str. 51,district-heating:1--down-right-pipes:1--heat-exchanger:1--heating-circuit:1--heat-exchanger:2--down-left-pipes:1--warm-water:1
rwb,629,Oststraße 60,district-heating:1--heating-circuit:1--heating-circuit:2--heating-circuit:3--heating-circuit:4--heating-circuit:5--heating-circuit:6--heating-circuit:7--warm-water:1
rwb,639,Gladbacher Str. 95 Verwaltungsgebäude,
rwb,700,Jakob-Kneip-Str. 74,district-heating:1--down-right-pipes:1--heat-exchanger:1--heating-circuit:1--heat-exchanger:2--down-left-pipes:1--warm-water:1
rwb,701,Jakob-Kneip-Str. 76,district-heating:1--down-right-pipes:1--heat-exchanger:1--heating-circuit:1--heat-exchanger:2--down-left-pipes:1--warm-water:1
rwb,791,"Lüderitzstr. 47, 47a - Unterstation",
rwb,1828,Hasseler Richtweg 110,
rwb,1829,Leverkuser Str. 23,
rwb,1830,Witzheldener Str. 13,
rwb,1831,An der Kämpe 37 (ehem. Lüderitzstr. 37),
rwb,1849,"234 Q10 Zur Dieplade 10-Am Finkenacker 2+4, Am Grünen Hang 35",
rwb,1850,223 Q2.1 Am Finkenacker 50-62,
rwb,1851,"217 Q2.2 Am Finkenacker 100+102,120-124",
rwb,1852,232 Q12 Clausthaler Str. 25,
rwb,1853,240 Q3 Sandmüllersweg 52-62,
rwb,1854,"244 Q9 Blankenburger Str. 25-29, Am Finkenacker 26-30",
rwb,1855,210 Q13 Am Finkenacker 22-24,
rwb,1901,"200 Q8 Sandmüllersweg 21, 23",
rwb,1902,"201 Q8 Harzburger Str. 25, 27",
rwb,1903,"201 Q8 Harzburger Str. 21, 23",
rwb,1904,"201 Q8 Harzburger Str. 17, 19",
rwb,1905,"201 Q8 Harzburger Str. 13, 15",
rwb,1906,"201 Q8 Harzburger Str. 9, 11",
rwb,1907,"201 Q8 Blankenburger Str. 38, 40",
rwb,2259,Am Grünen Hang 35,heat-pump:1--buffer-tank:1--heating-circuit:1
rwb,2260,Zur Dieplade 10,
rwb,2261,Am Finkenacker 2/4,
Wohnungsgenossenschaft Essen-Nord,1474,Carl-Kruft-Straße 1,district-heating:1--heating-circuit:1--warm-water:1--warm-water:2
Wohnungsgenossenschaft Essen-Nord,1475,Carl-Kruft-Straße 5,district-heating:1--heating-circuit:1--warm-water:1--warm-water:2
Wohnungsgenossenschaft Essen-Nord,1476,Scheckenstr. 29,gas:1--heat-exchanger:1--solar-thermal:1--warm-water:1--heating-circuit:1
Wohnungsgenossenschaft Essen-Nord,1477,Scheckenstr. 40,
Wohnungsgenossenschaft Essen-Nord,1478,Fulerumer Straße 142,heat-pump:1--gas:1--down-right-pipes:1--buffer-tank:1--heating-circuit:1--down-left-pipes:1--warm-water:1
Wohnungsgenossenschaft Essen-Nord,1479,Fulerumer Straße 146,
Wohnungsgenossenschaft Essen-Nord,1480,Bockmühlenweg 36,heat-pump:1--buffer-tank:1--heating-circuit:1--warm-water:1
Wohnungsgenossenschaft Essen-Nord,1481,Nöggerathstr. 77,gas:1--heat-exchanger:1--heating-circuit:1--heating-circuit:2--solar-thermal:1--buffer-tank:1--warm-water:1
Wohnungsgenossenschaft Essen-Nord,1753,Bergheimer Str. 46,
Freiherr von Fürstenberg,480,Dr.-Toll-Str. 31,gas:1--warm-water:1--heat-exchanger:1--heating-circuit:1
Freiherr von Fürstenberg,481,Dr.-Toll-Str. 35,gas:1--warm-water:1--heat-exchanger:1--heating-circuit:1
Freiherr von Fürstenberg,482,Dr.-Toll-Str. 37,gas:1--warm-water:1--heat-exchanger:1--heating-circuit:1
Freiherr von Fürstenberg,483,Dr.-Toll-Str. 39,gas:1--warm-water:1--heat-exchanger:1--heating-circuit:1
Freiherr von Fürstenberg,484,Dr.-Toll-Str. 41,
Freiherr von Fürstenberg,485,Dr.-Toll-Str. 43,
Freiherr von Fürstenberg,486,Dr.-Toll-Str. 45,
Freiherr von Fürstenberg,487,Dr.-Toll-Str. 47,gas:1--warm-water:1--heat-exchanger:1--heating-circuit:1
Freiherr von Fürstenberg,488,Dr.-Toll-Str. 49,gas:1--warm-water:1--heat-exchanger:1--heating-circuit:1
Freiherr von Fürstenberg,489,Dr.-Toll-Str. 51,gas:1--warm-water:1--heat-exchanger:1--heating-circuit:1
Freiherr von Fürstenberg,490,Brunnenstr. 3,gas:1--heating-circuit:1--warm-water:1
Freiherr von Fürstenberg,491,Farbmühle 9,gas:1--heating-circuit:1
Freiherr von Fürstenberg,493,Schusterstr. 32,gas:1--heating-circuit:1
Freiherr von Fürstenberg,604,Birkenbergstr. 25,
Freiherr von Fürstenberg,605,Rat-Deycks-Str. 18,gas:1--heating-circuit:1
Freiherr von Fürstenberg,606,Rat-Deycks-Str. 18 a,gas:1--heating-circuit:1
Freiherr von Fürstenberg,607,Rat-Deycks-Str. 18 b,gas:1--heating-circuit:1
Freiherr von Fürstenberg,608,Tannenstr. 116,gas:1--heating-circuit:1--warm-water:1
Freiherr von Fürstenberg,609,Thywissenstr. 10,gas:1--heating-circuit:1
Freiherr von Fürstenberg,610,Thywissenstr. 8,
Freiherr von Fürstenberg,611,Wiesbadener Str. 1,gas:1--chp:1--heating-circuit:1--heating-circuit:2--heating-circuit:3--warm-water:1
Freiherr von Fürstenberg,612,Wiesenstr. 24,gas:1--heating-circuit:1
Freiherr von Fürstenberg,613,Fürstenbergplatz 4,
Freiherr von Fürstenberg,614,Frhr.-vom-Stein-Str. 11/13,gas:1--heating-circuit:1
Freiherr von Fürstenberg,616,Burg Bachem - Schloßstraße 8,
Freiherr von Fürstenberg,617,Frankfurter Str. 32,gas:1--heat-exchanger:1--heating-circuit:1
Freiherr von Fürstenberg,618,Frhr.-vom-Stein-Str. 17,gas:1--heating-circuit:1--warm-water:1
Freiherr von Fürstenberg,619,Frankfurter Str. 43-47,gas:1--chp:1--buffer-tank:1--heating-circuit:1--heating-circuit:2--warm-water:1
Freiherr von Fürstenberg,620,Frhr.-vom-Stein-Str. 15,gas:1--heating-circuit:1
Freiherr von Fürstenberg,621,Frhr.-vom-Stein-Str. 5a,gas:1--heat-exchanger:1--heating-circuit:1--heating-circuit:2--heating-circuit:3
Freiherr von Fürstenberg,622,Frhr.-vom-Stein-Str. 7/9,gas:1--heating-circuit:1--warm-water:1
Freiherr von Fürstenberg,623,Gerichts 18/20 - Stein 3/5,
Freiherr von Fürstenberg,624,Gerichtsstr. 19-21,
Freiherr von Fürstenberg,625,Gerichtsstr. 25,
Freiherr von Fürstenberg,1815,Dr. Toll Str. 27,
Freiherr von Fürstenberg,1816,Dr. Toll Str. 29,
FPE,1360,Straße der Einheit 86,
FPE,1361,Straße der Einheit 86 - Unterstation Haus A Nord,
FPE,1362,Straße der Einheit 86 - Unterstation Haus A Süd,
GOERZWERK,1363,Goerzallee 299,
Aroundtown,449,Koloniestraße 2+2a,gas:1--gas:2--global-separation-circuit:1--heating-circuit:1--heating-circuit:2--warm-water:1
Aroundtown,451,Koloniestraße 6-8,gas:1--gas:2--global-separation-circuit:1--heating-circuit:1--heating-circuit:2--heating-circuit:3--warm-water:1
Aroundtown,458,Berliner Straße 37,gas:1--heat-exchanger:1--heating-circuit:1
Aroundtown,477,"Wittestraße 30, Berlin (Top Tegel Haus F)",gas:1--heating-circuit:1--warm-water:1
Aroundtown,539,Alt-Mahlsdorf 41,gas:1--global-separation-circuit:1--heating-circuit:1--warm-water:1
Aroundtown,540,Alt-Mahlsdorf 44,gas:1--heating-circuit:1--heating-circuit:2
Aroundtown,541,Rathausstraße 65,gas:1--heat-exchanger:1--heating-circuit:1--warm-water:1
Aroundtown,542,Amendestraße 84,gas:1--heat-exchanger:1--heating-circuit:1--warm-water:1
Aroundtown,543,Kaiserstraße 4,gas:1--heating-circuit:1--warm-water:1
Baugenossenschaft dhu,341,Wolkausweg 17a-b,district-heating:1--heating-circuit:1--heat-exchanger:1--warm-water:1
Baugenossenschaft dhu,342,Hermann-Kauffmann-Straße 25-31,gas:1--gas:2--gas:3--gas:4--heating-circuit:1--heat-exchanger:1--warm-water:1
Baugenossenschaft dhu,343,Schippelsweg 32-40,gas:1--gas:2--heat-exchanger:1--heating-circuit:1--heat-exchanger:2--warm-water:1
Baugenossenschaft dhu,345,Kiwittsmoor 32,gas:1--heating-circuit:1
Baugenossenschaft dhu,372,Papenstraße 124A,district-heating:1--warm-water:1--heating-circuit:1
Baugenossenschaft dhu,2243,"Vörstekoppel 55, versorgt 53, 55, 55 a-k, 51,51 a-e",
Baugenossenschaft dhu,2244,"Tunnkoppelstieg23, versorgt 19-23, Tunnkoppelring 62",
Baugenossenschaft dhu,2245,"Johann-Mohr-Weg 24a, versorgt 24 a-d",
Baugenossenschaft dhu,2246,"Sievekingsallee 41, versorgt 39,41 / Launitzweg1",
Baugenossenschaft dhu,2247,"Sievekingsallee 49, versorgt 43-49 / Launitzweg 2 / Schulenbeksweg 1, 3",
BBW,1335,Haeselerstraße 17G,
Gewog,1509,Hans-Sachs-Str. 2,
Gewog,1510,Viktor-von-Scheffel-Platz 8,
Gewog,1511,Serlbacher Straße 5,
Gewog,1512,Kantstr. 38,
Gewog,1513,Karl-Bröger-Str. 2,
Gewog,1514,Karl-Bröger-Str. 4,
Gewog,1515,Bammersdorfer Str. 29,
Gewog,1516,Bammersdorfer Str. 33,
Gewog,1517,Bammersdorfer Str. 37,
Gewog,1518,Bamberger Str. 56,
Gewog,1519,Bammersdorfer Str. 30,
Gewog,1520,Heizhaus (neben Bammersdorfer Str. 30),
Gewog,1521,Joseph-Otto-Platz 14,gas:1--empty-pipes:1--down-right-pipes:1--four-way-valve:1--heating-circuit:1--down-left-pipes:1--warm-water:1
Gewog,1522,Joseph-Otto-Platz 16,gas:1--empty-pipes:1--down-right-pipes:1--four-way-valve:1--heating-circuit:1--down-left-pipes:1--warm-water:1
Gewog,1523,Joseph-Otto-Platz 4,gas:1--heat-exchanger:1--heating-circuit:1--heating-circuit:2--warm-water:1
Gewog,1524,Paul-Keller-Str. 22,
Gewog,1525,Paul-Keller-Str. 24 a,
Gewog,1526,Paul-Keller-Str. 3,
Gewog,1527,Kaiser-Heinrich-Str. 16,
Gewog,1528,Kaiser-Heinrich-Str. 20,gas:1--gas:2--heat-exchanger:1--heating-circuit:1--warm-water:1
Gewog,1529,Kaiser-Heinrich-Str. 24,gas:1--gas:2--heat-exchanger:1--heating-circuit:1--warm-water:1
Gewog,1530,Kaiser-Heinrich-Str. 30,gas:1--gas:2--heat-exchanger:1--heating-circuit:1--warm-water:1
Gewog,1531,Kaiserin-Kunigunda-Str. 13,
Gewog,1532,Kaiserin-Kunigunda-Str. 17,
Gewog,1533,Kaiserin-Kunigunda-Str. 21,
Gewog,1534,Kaiserin-Kunigunda-Str. 25,
Gewog,1535,Kaiserin-Kunigunda-Str. 22,
Gewog,1536,Kaiserin-Kunigunda-Str. 26,
Gewog,1537,Kaiser-Heinrich-Str. 34,
Gewog,1538,Bügstraße 71,
Gewog,1539,Bügstraße 73,
Gewog,1540,Käsröthe 9,
Gewog,1541,Käsröthe 11a,
Gewog,1542,Bügstraße 41,
Gewog,1543,Bügstraße 41b,
Gewog,1545,Bügstraße 22,
Gewog,1546,Bügstraße 30,
Gewog,1547,Regnitzstraße 14,
Gewog,1548,Gebrüder-Waasner-Weg 4,
Gewog,1549,Bammersdorfer Str. 41 + 43,
Deutsche Asset One,740,Lindauer Allee 44,gas:1--empty-pipes:1--four-way-valve:1--heating-circuit:1
Deutsche Asset One,741,Oranienburger Straße 205,
Deutsche Asset One,742,Keplerstraße 7a,district-heating:1--warm-water:1--heat-exchanger:1--heating-circuit:1
Deutsche Asset One,743,Breiter Weg 224,
Deutsche Asset One,744,Christian-Ferkel-Str. 6,district-heating:1--heating-circuit:1--warm-water:1
Deutsche Asset One,745,Borussiastraße 50,
Deutsche Asset One,746,Steinmetzstr.17-19 ungerade,
Deutsche Asset One,747,Zielstattstr.99-109 ungerade,
Deutsche Asset One,748,Halskestr.22-32 gerade,
Deutsche Asset One,749,"Maria-Louisen-Stieg 2c-2e, Barmbeker Str. 135",district-heating:1--heating-circuit:1
Deutsche Asset One,750,"Max-Liebermann-Straße 65, 67, 69",gas:1--heating-circuit:1--warm-water:1
Deutsche Asset One,751,Eibenstocker Straße 85,district-heating:1--heating-circuit:1--warm-water:1
Deutsche Asset One,752,Goerzallee 79/81,district-heating:1--heating-circuit:1--heating-circuit:2--heating-circuit:3
BVE,578,"Grünebergstr.32-38,Lisztstr.40 a-c,Be.81",gas:1--gas:2--gas:3--global-separation-circuit:1--heating-circuit:1--warm-water:1
BVE,579,Nienstedtener Straße 24-30,gas:1--heat-exchanger:1--heating-circuit:1--warm-water:1
BVE,580,Resskamp 2,district-heating:1--down-right-pipes:1--heat-exchanger:1--heating-circuit:1--heat-exchanger:2--down-left-pipes:1--warm-water:1
BVE,581,Mechelnbusch 11-19 (VE 330/570),district-heating:1--heating-circuit:1
BVE,582,Mechelnbusch 21-29,district-heating:1--heating-circuit:1
BVE,583,Kielort 16-18b,district-heating:1--heating-circuit:1--heating-circuit:2--heat-exchanger:1--warm-water:1
BVE,584,Albert-Schweitzer-Straße 5-9b,district-heating:1--heating-circuit:1--warm-water:1
BVE,585,Ueckerstraße 38,
BVE,586,Bornheide 61-77,district-heating:1--heating-circuit:1--warm-water:1
BVE,587,Simrockstr. 110,
EVM,713,"Essener Str. 29a, versorgt Essener Str. 27-29,29a,30",
EVM,714,"Bundesratufer 3, versorgt Bundesratufer 3,3a",
EVM,715,"Lauxweg 12, versorgt Lauxweg 6-14 g",
EVM,716,"Lauxweg 18, versorgt Lauxweg 16-18 g",gas:1--heating-circuit:1--warm-water:1
EVM,717,"Lauxweg 5, versorgt Lauxweg 1-11 u, W.Parsewaldt-Str. 10+12",gas:1--heating-circuit:1
EVM,718,"W.Parsewaldt-Str. 16, versorgt W.Parsewaldt-Str. 14-18 g, Forddamm 40-50 g",
EVM,721,"W.Parsewaldt-Str.20, versrogt Forddamm 39+37, W.Parsewaldt-Str.20-28 g, Fritz Werner Str. 32-44 g",
EVM,724,"Lauxweg 24, versorgt Lauxweg 20-24 g, Körting-Str. 74+76",gas:1--heating-circuit:1
EVM,725,"Lauxweg 15, versorgt Lauxweg 13-21 u",gas:1--heating-circuit:1
EVM,726,"Körting-Str. 70, versorgt Körting-Str. 68-72",
EVM,727,"Forddamm 62, versorgt Forddamm 50-62 g",gas:1--heating-circuit:1
EVM,728,"Körting-Str. 66, versorgt Körting-Str.60-66 g, Forddamm 41-59 u",
EVM,730,"Lauxweg 2-4, versorgt Lauxweg 2-4, W.Parsewaldt-Str.4+6",gas:1--gas:2--heat-exchanger:1--heating-circuit:1
EVM,731,"W.Parsewaldt-Str. 9B, versorgt W.Parsewaldt-Str.1-7 u, 7A /7B, 9/ 9A /9B, Großbeerenstr.27+29, Forddamm 28-38, Marconi Str. 1/1A, 2/ 2A/ 2B, Forddamm 20",gas:1--heat-exchanger:1--gas:2--heat-exchanger:2--heating-circuit:1--heating-circuit:2--heating-circuit:3--heating-circuit:4--heating-circuit:5
EVM,733,Essener Straße 32,
EVM,734,"Stromstr. 69, versrogt Stromstr. 69-70",
EVM,735,Morgensternstr. 13,gas:1--heating-circuit:1--warm-water:1
EVM,736,Essener Str 27 - Brandwandbebauung,
Gartenstadt Hüttenau,329,Marxstr. 84/86,gas:1--down-right-pipes:1--empty-pipes:1--buffer-tank:1--chp:1--heat-exchanger:1--heating-circuit:1--heating-circuit:2--warm-water:1
Gartenstadt Hüttenau,330,Frans-Masereel-Strasse 14,gas:1--heat-exchanger:1--heating-circuit:1--warm-water:1
Gartenstadt Hüttenau,331,Frans-Masereel-Strasse 16,gas:1--heat-exchanger:1--heating-circuit:1--warm-water:1
Gartenstadt Hüttenau,1448,Karlstrasse 3 (1-7),gas:1--gas:2--heating-circuit:1--warm-water:1
Gartenstadt Hüttenau,1449,Marxstrasse 66,gas:1--gas:2--global-separation-circuit:1--heating-circuit:1--heating-circuit:2--warm-water:1
Gartenstadt Hüttenau,1450,Am Stadtmuseum 3,gas:1--heating-circuit:1--heating-circuit:2--warm-water:1
Gartenstadt Hüttenau,1451,Otto-Wohlgemuth-Weg 5f/g,
Gartenstadt Hüttenau,1452,Gumperzweg1,gas:1--warm-water:1--heat-exchanger:1--heating-circuit:1
Gartenstadt Hüttenau,1453,Karlstrasse 21-25,gas:1--heating-circuit:1--warm-water:1
Gartenstadt Hüttenau,1454,Lehmkuhle 3,gas:1--heat-exchanger:1--heating-circuit:1--warm-water:1
Wohnungsgenossenschaft Kleefeld-Buchholz,464,Berckhusenstraße 55 (53/57),gas:1--heating-circuit:1--heating-circuit:2--warm-water:1
Wohnungsgenossenschaft Kleefeld-Buchholz,465,Berckhusenstraße 83,gas:1--heat-exchanger:1--heating-circuit:1--heating-circuit:2--warm-water:1
Wohnungsgenossenschaft Kleefeld-Buchholz,466,Rodewaldstraße 19,gas:1--heat-exchanger:1--heating-circuit:1--warm-water:1
Wohnungsgenossenschaft Kleefeld-Buchholz,467,Lüchower Str. 23,gas:1--solar-thermal:1--warm-water:1--heating-circuit:1--heating-circuit:2
Wohnungsgenossenschaft Kleefeld-Buchholz,468,Wilhelm-Tell-Str. 89,gas:1--heating-circuit:1--heat-exchanger:1--warm-water:1
Wohnungsgenossenschaft Kleefeld-Buchholz,469,Droste-Hülshoff-Weg 35,gas:1--solar-thermal:1--warm-water:1--heating-circuit:1
Wohnungsgenossenschaft Kleefeld-Buchholz,471,Else-Ury-Weg 50,gas:1--heat-exchanger:1--heating-circuit:1--warm-water:1
Wohnungsgenossenschaft Kleefeld-Buchholz,472,Gottfried-Benn-Weg 50 (/Else-Ury-Weg 51),gas:1--solar-thermal:1--warm-water:1--heating-circuit:1
Wohnungsgenossenschaft Kleefeld-Buchholz,708,Am Seelberg 22 a-e,
Wohnungsgenossenschaft Kleefeld-Buchholz,1601,Droste-Hülshoff-Weg 37,
Wolmirstedter,1617,Samsweger Str. 54,district-heating:1--heating-circuit:1--warm-water:1
Wolmirstedter,1618,Samsweger Str. 56,district-heating:1--heating-circuit:1--warm-water:1
Wolmirstedter,1619,Heinrich-Heine-Str. 21,district-heating:1--heating-circuit:1--heating-circuit:2--warm-water:1
Wolmirstedter,1620,Meseberger Str. 3,district-heating:1--heating-circuit:1--warm-water:1
Wolmirstedter,1621,Meseberger Str. 5,
Wolmirstedter,1622,Meseberger Str. 31,
Wolmirstedter,1623,Julius-Bremer-Str. 5,
Wolmirstedter,1624,Julius-Bremer-Str. 7,
Wolmirstedter,1625,Bahnhofstr. 33,
Wolmirstedter,1626,Bahnhofstr. 36,
"Chemnitz, Grüne",325,Sandstraße 102,
"Chemnitz, Grüne",698,Platz vor dem Neuen Tor 1,
Freiherr von Eltz,1408,Deutzer Freiheit 113,gas:1--global-separation-circuit:1--heating-circuit:1--heating-circuit:2
Freiherr von Eltz,1411,Zum alten Paulshof 9,gas:1--warm-water:1--heat-pump:1--heat-pump:2--buffer-tank:1--heating-circuit:1
Freiherr von Eltz,1412,Zum alten Paulshof 11,gas:1--warm-water:1--heat-pump:1--heat-pump:2--buffer-tank:1--heating-circuit:1
Freiherr von Eltz,1413,Deutzer Freiheit 102,district-heating:1--heating-circuit:1
Freiherr von Eltz,1414,Albin-Köbis-Straße 4,gas:1--heating-circuit:1--heating-circuit:2
Freiherr von Eltz,1415,Albin-Köbis-Straße 6,gas:1--heating-circuit:1--heating-circuit:2--heating-circuit:3--heating-circuit:4--heating-circuit:5
Freiherr von Eltz,1416,Albin-Köbis-Straße 5,gas:1--gas:2--buffer-tank:1--global-separation-circuit:1--heating-circuit:1--heating-circuit:2
Freiherr von Eltz,1417,von Eltz Straße 24a,gas:1--global-separation-circuit:1--heating-circuit:1--heating-circuit:2--heating-circuit:3--heating-circuit:4--heating-circuit:5--heating-circuit:6--heating-circuit:7--heating-circuit:8--heating-circuit:9
Freiherr von Eltz,1418,von Eltz Straße 24b,gas:1--global-separation-circuit:1--heating-circuit:1--heating-circuit:2--heating-circuit:3--heating-circuit:4--heating-circuit:5--heating-circuit:6--heating-circuit:7--heating-circuit:8--heating-circuit:9
Freiherr von Eltz,1419,von Eltz Straße 24c,
Freiherr von Eltz,1420,Hannoversche Straße 1,
Freiherr von Eltz,1421,Reinhardtstraße 7,gas:1--heat-exchanger:1--heating-circuit:1--warm-water:1--heat-pump:1--buffer-tank:1--global-separation-circuit:1--heating-circuit:2
Freiherr von Eltz,1422,Goltzstraße 36,
Freiherr von Eltz,1423,Schumannstraße 1,
Freiherr von Eltz,1424,Schumannstraße 1a+b,gas:1--heating-circuit:1--warm-water:1
Freiherr von Eltz,1425,Auguststraße 85,gas:1--gas:2--heating-circuit:1--heating-circuit:2--heating-circuit:3--heating-circuit:4--warm-water:1
Freiherr von Eltz,1426,Hermeskeiler Straße 20,
Freiherr von Eltz,1427,Hermeskeiler Straße 24,
Freiherr von Eltz,1428,Biomasse - St.-Sebastianus-Straße 10,
Freiherr von Eltz,1429,Edeka - St.-Sebastianus-Straße 14,district-heating:1--heating-circuit:1--heating-circuit:2
Freiherr von Eltz,1430,Schloss - Burgallee 2,
Freiherr von Eltz,1431,Kita St.Sebastianus - St.-Sebastianus-Straße 12,
Freiherr von Eltz,1432,Eltzhof - St.-Sebastianus-Straße 10,
Freiherr von Eltz,1433,Zum alten Paulshof 13,
Freiherr von Eltz,1434,Zum alten Paulshof 1-3,district-heating:1--solar-thermal:1--down-right-pipes:1--global-separation-circuit:1--heating-circuit:1
Freiherr von Eltz,1813,Kerstin-von-Herbag Weg 20,
Freiherr von Eltz,1814,Dortmundweg 28,
Baugenossenschaft IDEAL,1602,Fritz-Erler-Allee 150,
Baugenossenschaft IDEAL,1603,Neuköllner Str. 336,
Baugenossenschaft IDEAL,1604,Neuköllner Str. 342,
Baugenossenschaft IDEAL,1605,Brusendorfer Str. 2,
Baugenossenschaft IDEAL,1606,Mareschstr. 14-16,
Baugenossenschaft IDEAL,1607,Fuldastr.55 B,
Baugenossenschaft IDEAL,1608,Weichselstr. 8 B,
Baugenossenschaft IDEAL,1609,Hildburghauser Str. 12a,
Baugenossenschaft IDEAL,1610,Lößnitzer Weg 60,
Baugenossenschaft IDEAL,1611,Groß Ziethener Ch. 150,
Gewobag,589,Arndtstr. 43,
Gewobag,590,Christinenstr. 22,
Gewobag,591,Knaackstr. 23,
Gewobag,592,Kollwitzstr. 4,
Gewobag,593,Kollwitzstr. 56,
Gewobag,594,Schivelbeiner Str. 20,
Gewobag,595,Templiner Str. 8,
Gewobag,804,Ahlbecker Str. 22 / Prenzlauer Allee 181,
Gewobag,805,Am Springebruch 9,
Gewobag,806,An der Kappe 127,
Gewobag,807,Arndtstr. 10+11,
Gewobag,808,Arndtstr. 16,
Gewobag,809,Arndtstr. 17,
Gewobag,810,Arndtstr. 33,
Gewobag,811,Arndtstr. 36,
Gewobag,812,Arndtstr. 42,
Gewobag,813,Antwerpener Str. 1,
Gewobag,814,Arndtstr. 39,
Gewobag,815,Bautzener Str. 7,
Gewobag,816,Bergfriedstr. 10,
Gewobag,817,Bergmannstr. 4,
Gewobag,818,Bergmannstr. 14,
Gewobag,819,Bergmannstr. 20,
Gewobag,820,Berliner Allee 47,
Gewobag,821,Bienwaldring 41,
Gewobag,822,Birkenstr. 49,
Gewobag,823,Bottroper Weg 16,
Gewobag,824,Bottroper Weg  8 + 6,
Gewobag,825,Breite Str. 33,
Gewobag,826,Bülowstr. 50,
Gewobag,827,Bülowstr. 101,
Gewobag,828,Biedenkopfer Str. 37,
Gewobag,829,Biedenkopfer Str. 65,
Gewobag,830,Biedenkopfer Str. 15,
Gewobag,831,Bergmannstr. 16,
Gewobag,832,Chamissoplatz 1,
Gewobag,833,Chamissoplatz 8,
Gewobag,834,Christstr. 9,
Gewobag,835,Christstr. 33,
Gewobag,836,Christstr. 36,
Gewobag,837,Christstr. 41,
Gewobag,838,Danziger Str. 239,
Gewobag,839,Drusenheimer Weg 50,
Gewobag,841,Danckelmannstr. 61,
Gewobag,842,Danckelmannstr. 50,
Gewobag,843,Danckelmannstr. 54b,
Gewobag,844,Dörpfeldstr.  31,
Gewobag,845,Einsteinstr. 15d,
Gewobag,846,Einsteinstr. 16d,
Gewobag,847,Ella-Kay-Str. 8,
Gewobag,848,Ella-Kay-Str. 30,
Gewobag,849,Erich Weinert Str. 32 (eher 34?),
Gewobag,850,Erich-Boltze-Str. 1,
Gewobag,851,Egellsstr. 5,
Gewobag,852,Egellsstr. 9,
Gewobag,853,Falkentaler Steig 47,
Gewobag,854,Fidicinstr. 16,
Gewobag,855,Fidicinstr. 20,
Gewobag,856,Fidicinstr. 21,
Gewobag,857,Fidicinstr. 22,
Gewobag,858,Fidicinstr. 36,
Gewobag,859,Fidicinstr. 41,
Gewobag,860,Fidicinstr. 29a,
Gewobag,861,Fidicinstr. 32a,
Gewobag,862,Flughafenstr. 19,
Gewobag,863,Friesenstr. 1,
Gewobag,864,Friesenstr. 8,
Gewobag,865,Friesenstr. 18,
Gewobag,866,Friesenstr. 10,
Gewobag,867,Frobenstr. 23,
Gewobag,868,Gardes-du-Corps-Str.  1,
Gewobag,869,Gardes-du-Corps-Str.  14,
Gewobag,870,Gitschiner Str. 78,
Gewobag,871,Goebenstr. 24,
Gewobag,872,Graetschelsteig 26,
Gewobag,873,Greifswalder Str. 87,
Gewobag,874,Grellstr. 15,
Gewobag,875,Großgörschenstr. 37,
Gewobag,876,Grüntenstr. 68,
Gewobag,877,Grüntenstr. 80,
Gewobag,878,Greifswalder Str. 81,
Gewobag,879,Goebenstr. 12a,
Gewobag,880,Hanns-Eisler-Str. 2-4,
Gewobag,881,Hans-Otto-Str. 53,
Gewobag,882,Heerstr. 268,
Gewobag,883,Heimstr. 16,
Gewobag,884,Heimstr. 18,
Gewobag,885,Herrfurthstr. 5,
Gewobag,886,"Holtheimer Weg 25,27",
Gewobag,887,Hagenauer Str. (QG) 12,
Gewobag,888,Klausenerplatz 2,
Gewobag,889,Klausenerplatz 14,
Gewobag,890,Kleiststrasse 5,
Gewobag,891,Katzlerstr. 5,
Gewobag,892,Katzlerstr. 16,
Gewobag,893,Katzlerstr. 20,
Gewobag,894,Kirchbachstr. 4,
Gewobag,895,Kloedenstr. 3,
Gewobag,896,Knaackstr. 69,
Gewobag,897,Kniprodestr. 111,
Gewobag,898,Kniprodestr. 109a,
Gewobag,899,Kollwitzstr. 69,
Gewobag,900,Kolonnenstr. 26,
Gewobag,901,Königstr. 12,
Gewobag,902,Konrad-Wolf-Str.  119,
Gewobag,903,Kulmer Str. 14,
Gewobag,904,Kulmer Str. 24,
Gewobag,905,Kulmer Str. 26,
Gewobag,906,Knobelsdorffstraße 24,
Gewobag,907,Knobelsdorffstr. 34,
Gewobag,908,Kuglerstr. 21,
Gewobag,909,Kuglerstr. 23,
Gewobag,910,Landsberger Allee 79,
Gewobag,911,Lentzeallee 2,
Gewobag,912,Lichtenrader Damm 177,
Gewobag,913,Lichtenrader Damm 51 - 57,
Gewobag,914,Lilli-Henoch-Str. 17,
Gewobag,915,Lilli-Henoch-Str. 19,
Gewobag,916,Lobeckstr. 8,
Gewobag,917,Liselotte-Herrmann-Str. 22,
Gewobag,918,Lychener Straße 61,
Gewobag,919,Lychener Str. 62,
Gewobag,920,Mansteinstr. 16,
Gewobag,921,Mansteinstr. 7,
Gewobag,922,Marienburger Str. 18,
Gewobag,923,Meraner Str. 33,
Gewobag,924,Meraner Str. 45,
Gewobag,925,Moritzstr. 1,
Gewobag,926,Moritzstr. 22,
Gewobag,927,Neufertstr. 16,
Gewobag,928,Neufertstr. 24,
Gewobag,929,Nehringstr. 2,
Gewobag,930,Neuendorfer Str. 12,
Gewobag,931,Nostitzstr. 13,
Gewobag,932,Nostitzstr. 27,
Gewobag,933,Nostitzstr. 31,
Gewobag,934,Nehringstr. 5,
Gewobag,937,Naugarder Str. 4,
Gewobag,938,Naunynstr. 57,
Gewobag,939,Obstallee 21 Kessel,
Gewobag,940,Obstallee 21 Solar,
Gewobag,941,Okerstr. 37,
Gewobag,942,Oranienstr. 179,
Gewobag,943,Orankestr. 49,
Gewobag,944,Ostpreußendamm 165,
Gewobag,945,Pappelallee  38,
Gewobag,946,Pappelallee 85,
Gewobag,947,Pieskower Weg 52-54,
Gewobag,948,Potsdamer Str. 156,
Gewobag,949,Preußenallee 7,
Gewobag,950,Prinzenstr.  95 / Wassertorstr.53,
Gewobag,951,Prinzenstr.  97 / Wassertorstr.53,
Gewobag,952,Pappelallee 66,
Gewobag,953,Raumerstr. 11,
Gewobag,954,Raumerstr. 13,
Gewobag,955,Reichenberger Str. 33a,
Gewobag,956,Ritterstr. 124,
Gewobag,957,Rykestr. 6,
Gewobag,958,Regattastr.  48,
Gewobag,959,Schloßstr. 10,
Gewobag,960,Schloßstr. 20,
Gewobag,961,Schönhauser Allee 158b,
Gewobag,962,Schönwalder Str. 50-52,
Gewobag,963,Schwedter Str. 9a,
Gewobag,964,Schwerinstr. 4,
Gewobag,965,Seelingstr. 11,
Gewobag,966,Seelingstr. 51,
Gewobag,967,Spiessweg 38,
Gewobag,968,Stargarder Str. 1,
Gewobag,969,Sterzinger Str. 4,
Gewobag,970,Straßburger Str. 4,
Gewobag,971,Stromstr. 64,
Gewobag,972,Sybelstrasse 15,
Gewobag,973,Steinmetzstr. 66,
Gewobag,974,Saatwinkler Damm 359,
Gewobag,975,Schenkendorfstr. 7,
Gewobag,977,Sophie-Charlotten-Str. 100,
Gewobag,978,Seelingstr. 14,
Gewobag,979,Seelingstr. 31,
Gewobag,980,Seelingstr. 35,
Gewobag,981,Spandauer Damm  49-51,
Gewobag,982,Spandauer Damm  65,
Gewobag,983,Sophie-Charlotten-Str. 83a,
Gewobag,984,Sophie-Charlotten-Str. 87,
Gewobag,985,Schwedter Str. 14,
Gewobag,986,Schloßstr. 2b,
Gewobag,987,Schwerinstr. 11,
Gewobag,988,Tempelhofer Damm 131,
Gewobag,989,Thomas-Mann-Str. 14,
Gewobag,990,Uferstr. 1,
Gewobag,991,Walkenrieder Str. 30,
Gewobag,992,Wiclefstr. 65,
Gewobag,993,Willibald-Alexis-Str. 10,
Gewobag,994,Willibald-Alexis-Str. 11,
Gewobag,995,Willibald-Alexis-Str. 25,
Gewobag,996,Willibald-Alexis-Str. 27,
Gewobag,997,Willibald-Alexis-Str. 31(a),
Gewobag,998,Willibald-Alexis-Str. 35,
Gewobag,999,Willibald-Alexis-Str. 39,
Gewobag,1000,Willibald-Alexis-Str. 42,
Gewobag,1001,Winsstr. 17,
Gewobag,1002,Wisbyer Str. 10,
Gewobag,1003,Wisbyer Str. 11,
Gewobag,1004,Zum Heckeshorn 4,
Gewobag,1748,Knobelsdorffstr_ 34,
Gewobag,2210,Dankelmannstr_61,
Gewobag,2211,Gardes du Corpes 01,
Gewobag,2212,Gardes du Corpes 14,
Gewobag,2213,Nehringstraße 5,
Gewobag,2214,Seelingstr_ 14,
Gewobag,2215,Sophie Charlotten Str_ 96,
Gewobag,2216,Sophie Charlotten Str_83A,
Gewobag,2217,Sophie Charlotten Str_83A,
Gewobag,2218,Spandauer Damm 49-51,
Gewobag,2272,Schloßstr_ 2b,
Gewobag,2288,Arndtstr_ 43,
Gewobag,2289,Knaackstr_ 23,
Gewobag,2290,Kollwitzstr_ 56a,
Gewobag,2291,Schivelbeiner Str_ 20,
Gewobag,2292,Templiner Str_ 8,
Eichmann,1,Mendelstraße 5,
Eichmann,324,Ollenhauer Str. 43,gas:1--hydraulic-separator:1--heating-circuit:1--heating-circuit:2--heating-circuit:3
Eichmann,789,Spenerstr. 10,heat-pump:1--heat-pump:2--buffer-tank:1--gas:1--heat-exchanger:1--heating-circuit:1--heating-circuit:2--global-separation-circuit:1--heat-pump:3--buffer-tank:2--heating-circuit:3--heating-circuit:4
Eichmann,2251,Alt-Moabit 75,
Eichmann,2252,Stuttgarter Str. 18/ Sonnenallee 159,
Terra Contor,1728,Teltower Damm 48,
Terra Contor,1729,Sigmaringer Str. 13,
Terra Contor,1730,Rosenheimer Straße 34,
Terra Contor,1731,Grainauer Straße 2,
Terra Contor,1732,Wilmersdorferstraße 107,
Terra Contor,1733,Schillerstraße 82,
Terra Contor,1734,Rosenthaler Straße 68,
Terra Contor,1735,Oderbergerstraße 53,
Terra Contor,1736,Kollwitzstraße 104,
Terra Contor,1737,Brunowstraße 10,
MIB,1552,Helmstedter Str. 21,gas:1--heating-circuit:1--heating-circuit:2--warm-water:1
MIB,1553,Olvenstedter Straße 62/Gerh-Hauptmann-Straße 1,gas:1--heating-circuit:1--warm-water:1
MIB,1554,"Siedlerweg 3, 3a, 5",
MIB,1555,Geiststraße 25,gas:1--empty-pipes:1--down-right-pipes:1--four-way-valve:1--heating-circuit:1--down-left-pipes:1--warm-water:1
MIB,1556,Geschwister Scholl-Straße 5,
MIB,1557,Schäfferstraße 24/24a / Weberstraße 15,
MIB,1558,Immermannstraße 28,
MIB,1559,Zschopauer Straße 142,
MIB,1642,Hölderlinstraße 13-19,
MIB,1643,Hölderlinstraße 5-11,
MIB,1644,Max-Saupe-Straße 72-76,
MIB,1645,Max-Saupe-Straße 58-62,
MIB,1646,Max-Saupe-Straße 52-56,
MIB,1647,Max-Saupe-Straße 64-66,
MIB,1648,Max-Saupe-Straße 68-70,
VIVAG,576,Am Borsigturm 56-70,district-heating:1--heating-circuit:1--heating-circuit:2
VIVAG,577,Nonnenstraße 42-44,
Swiss Life,392,Albusstraße 17,
KWG,1398,"Versmold, Ackerstraße 14+16",heat-pump:1--warm-water:1--right-down-pipes:1--heat-pump:2--buffer-tank:1--gas:1--heating-circuit:1--heating-circuit:2
KWG,1399,"Versmold, Ackerstraße 10+12",heat-pump:1--warm-water:1--right-down-pipes:1--heat-pump:2--buffer-tank:1--gas:1--gas:2--heating-circuit:1
KWG,1400,"Werther, Weststr.44",gas:1--heating-circuit:1--warm-water:1
KWG,1401,"Versmold, Virchowstr.9-11",gas:1--heating-circuit:1--warm-water:1
KWG,1402,"Steinhagen, Primelstr. 2",local-heating-station:1--gas:1--heating-circuit:1--warm-water:1
KWG,1403,"Bertha-von-Suttner-Hof 2, Himmelreich 16",gas:1--heating-circuit:1--warm-water:1
KWG,1404,"Halle, Bielefelder Straße 26",
KWG,1405,"Halle, Künsebecker Weg 15+17",
KWG,1406,"Halle (Westf.), Künsebecker Weg 19",
KWG,1407,"Versmold, Waldenburgerstr.1",gas:1--heating-circuit:1--warm-water:1
Stadtbau Würzburg,709,Frauenlandstraße 4,gas:1--gas:2--gas:3--global-separation-circuit:1--heating-circuit:1--warm-water:1
Stadtbau Würzburg,710,Bayernstraße 35,gas:1--global-separation-circuit:1--heating-circuit:1
Stadtbau Würzburg,711,Ludwigkai 19,
Eberswalde,1381,Leibniz Straße 33,
Eberswalde,1382,Rudolf Virchow Straße 1,
Eberswalde,1383,Rudolf Virchow Straße 17,
Eberswalde,1384,Georgstraße 16,
Eberswalde,1385,Jenny Marx Weg 4,
Eberswalde,1386,Anne Frank Straße 11,
Eberswalde,1387,Clara Zetkin Weg 70,
Eberswalde,1388,Ringstraße 19,
Eberswalde,1389,Ringstraße 95,
Eberswalde,1390,Ringstraße 105,
Eberswalde,1391,Schönholzer Straße 28,
Eberswalde,1392,Schönholzer Straße 32,
Eberswalde,1393,Potsdamer Allee 12,
Eberswalde,1394,Frankfurter Allee 61,
Eberswalde,1395,Schorfheide Straße 16,
Eberswalde,1396,An der Feldmark 21,
Eberswalde,1397,An der Feldmark1,
Eberswalde,1612,Uckermarkstr. 44,district-heating:1--warm-water:1--heat-exchanger:1--heating-circuit:1
Eberswalde,1613,Zum Grenzfließ 3,district-heating:1--top-right-pipes:1--heat-exchanger:1--heating-circuit:1--top-right-pipes:2--heat-exchanger:2--heating-circuit:2--warm-water:1
Eberswalde,1614,An der Feldmark 3,district-heating:1--heating-circuit:1--warm-water:1
PATRIZIA,1471,Hohenzollernring 12,
PATRIZIA,1472,Friesenwall 7,district-heating:1--heating-circuit:1--heating-circuit:2
PATRIZIA,1473,Hohenzollernring 2-10,district-heating:1--top-right-pipes:1--heat-exchanger:1--heating-circuit:1--global-separation-circuit:1--heating-circuit:2--heating-circuit:3--heating-circuit:4--heating-circuit:5
Sparbau Dortmund / Vodafone,1570,Neuer Graben 112,gas:1--heating-circuit:1--heating-circuit:2--warm-water:1
Sparbau Dortmund / Vodafone,1571,Neuer Graben 116,gas:1--heating-circuit:1--warm-water:1
Sparbau Dortmund / Vodafone,1572,Metzer Str. 33,
Sparbau Dortmund / Vodafone,1573,In der Liethe 39,
Sparbau Dortmund / Vodafone,1574,Schurfweg 3,district-heating:1--heating-circuit:1
Sparbau Dortmund / Vodafone,1575,Bergmeisterstr. 6,
Sparbau Dortmund / Vodafone,1576,Stresemannstr. 4,district-heating:1--heating-circuit:1--warm-water:1
Sparbau Dortmund / Vodafone,1577,Hildegundweg 1,
Sparbau Dortmund / Vodafone,1578,Ziegelbrandstr. 10,gas:1--heating-circuit:1--heating-circuit:2--warm-water:1
Sparbau Dortmund / Vodafone,1579,Arminiusstr. 46,gas:1--empty-pipes:1--down-right-pipes:1--four-way-valve:1--heating-circuit:1--down-left-pipes:1--warm-water:1
Sparbau Dortmund / Vodafone,1580,Osningstr. 16 A,
Sparbau Dortmund / Vodafone,1581,Hamburger Allee 20,
Sparbau Dortmund / Vodafone,1582,Messelinckstr. 8,gas:1--gas:2--warm-water:1--heat-exchanger:1--heating-circuit:1--heating-circuit:2
Sparbau Dortmund / Vodafone,1583,Stübbenstr. 2,gas:1--heating-circuit:1
Sparbau Dortmund / Vodafone,1584,Kirchlinder Str. 12,
Sparbau Dortmund / Vodafone,1585,Karl-Harr-Str. 9,gas:1--gas:2--heat-exchanger:1--heating-circuit:1
Sparbau Dortmund / Vodafone,1586,Helenenbergweg 8,
Sparbau Dortmund / Vodafone,1587,Eichwaldstr. 54,gas:1--valves:1--heating-circuit:1--warm-water:1
Sparbau Dortmund / Vodafone,1588,Unterer Sendweg 10,gas:1--warm-water:1--heat-exchanger:1--heating-circuit:1--heating-circuit:2
Sparbau Dortmund / Vodafone,1589,Bergmeisterstr. 17,district-heating:1--heating-circuit:1--heating-circuit:2
Sparbau Dortmund / Vodafone,1590,Dessauer Str. 24,gas:1--heating-circuit:1--warm-water:1
Sparbau Dortmund / Vodafone,1591,Arcostr. 43,gas:1--empty-pipes:1--down-right-pipes:1--four-way-valve:1--heating-circuit:1--down-left-pipes:1--warm-water:1
Sparbau Dortmund / Vodafone,1592,Overhoffstr. 209,
Sparbau Dortmund / Vodafone,1593,Overhoffstr. 210,
Sparbau Dortmund / Vodafone,1594,Im Eck 1,gas:1--heating-circuit:1--heating-circuit:2--heating-circuit:3--heating-circuit:4--warm-water:1
Sparbau Dortmund / Vodafone,1595,Paulinenstr. 8,
Sparbau Dortmund / Vodafone,1596,Generationenweg 1,gas:1--solar-thermal:1--buffer-tank:1--heating-circuit:1--heating-circuit:2
Sparbau Dortmund / Vodafone,1597,Daelweg 20,gas:1--chp:1--heating-circuit:1--heating-circuit:2--heating-circuit:3
Sparbau Dortmund / Vodafone,1598,Röhrichtweg 1,heat-pump:1--right-down-pipes:1--heat-pump:2--gas:1--warm-water:1--buffer-tank:1--heating-circuit:1
Sparbau Dortmund / Vodafone,1599,Teigelbrand 65,
Sparbau Dortmund / Vodafone,1749,Neuer Graben 128,
Sparbau Dortmund / Vodafone,1750,Metzer Str. 19,
Sparbau Dortmund / Vodafone,1751,Dorstfelder Hellweg 24,
Sparbau Dortmund / Vodafone,1752,Gössingstr. 4,
Sparbau Dortmund / Vodafone,1941,Stresemannstr. 4,
Sparbau Dortmund / Vodafone,2013,Ammerbaumweg 5,
Sparbau Dortmund / Vodafone,2014,Ammerbaumweg 12,
Sparbau Dortmund / Vodafone,2015,Ammerbaumweg 36,
Sparbau Dortmund / Vodafone,2016,Werkloh 6,
Sparbau Dortmund / Vodafone,2017,Werkloh 7,
Sparbau Dortmund / Vodafone,2018,Werkloh 23,
Sparbau Dortmund / Vodafone,2019,Wattenscheidskamp 6,
Sparbau Dortmund / Vodafone,2020,Droote 73,
Sparbau Dortmund / Vodafone,2021,Droote 77,
Sparbau Dortmund / Vodafone,2022,Stresemannstraße 10,
Sparbau Dortmund / Vodafone,2023,Stresemannstraße 16,
Sparbau Dortmund / Vodafone,2024,Stresemannstraße 22,
Sparbau Dortmund / Vodafone,2025,Stresemannstraße 24,
Sparbau Dortmund / Vodafone,2026,Auf dem Toren 13,gas:1--chp:1--buffer-tank:1--heating-circuit:1--warm-water:1
Sparbau Dortmund / Vodafone,2027,Klarastraße 23,
Sparbau Dortmund / Vodafone,2028,Neuer Graben 122,
Sparbau Dortmund / Vodafone,2029,Metzer Str. 15,
Sparbau Dortmund / Vodafone,2030,Metzer Str. 25,
Sparbau Dortmund / Vodafone,2031,Hamburger Str. 20,
Sparbau Dortmund / Vodafone,2032,Schweriner Str. 7,
Sparbau Dortmund / Vodafone,2033,Kuithanstraße 42,
Sparbau Dortmund / Vodafone,2034,Am Bentenskamp 25,
Sparbau Dortmund / Vodafone,2035,Huestraße 76,
Sparbau Dortmund / Vodafone,2036,Schmiedingstr. 10,
Sparbau Dortmund / Vodafone,2037,Harnackstr. 53,
Sparbau Dortmund / Vodafone,2038,Mallinckrodtstraße 156,
Sparbau Dortmund / Vodafone,2039,Hacheneyer Straße 55,
Sparbau Dortmund / Vodafone,2040,Magdeburger Str. 1,
Sparbau Dortmund / Vodafone,2041,Hamburger Str. 2,
Sparbau Dortmund / Vodafone,2042,Eichwaldstr. 46,
Sparbau Dortmund / Vodafone,2043,Eichwaldstr. 48,
Sparbau Dortmund / Vodafone,2044,Eichwaldstr. 50,
Sparbau Dortmund / Vodafone,2045,Eichwaldstr. 52,
Sparbau Dortmund / Vodafone,2046,Eichwaldstr. 56,
Sparbau Dortmund / Vodafone,2047,Gössingstr. 2,
Sparbau Dortmund / Vodafone,2048,Gössingstr. 6,
Sparbau Dortmund / Vodafone,2049,Gössingstr. 8,
Sparbau Dortmund / Vodafone,2050,Gössingstr. 10,
Sparbau Dortmund / Vodafone,2051,Gössingstr. 12,
Sparbau Dortmund / Vodafone,2052,In der Liethe 47,
Sparbau Dortmund / Vodafone,2053,In der Liethe 51,
Sparbau Dortmund / Vodafone,2054,In der Liethe 55,
Sparbau Dortmund / Vodafone,2055,In der Liethe 59,
Sparbau Dortmund / Vodafone,2056,In der Liethe 63,
Sparbau Dortmund / Vodafone,2057,Mohlweg 1,
Sparbau Dortmund / Vodafone,2058,Mohlweg 2,
Sparbau Dortmund / Vodafone,2059,Mohlweg 5,
Sparbau Dortmund / Vodafone,2060,Pücklerweg 1,
Sparbau Dortmund / Vodafone,2061,Pücklerweg 5,
Sparbau Dortmund / Vodafone,2062,Pücklerweg 6,
Sparbau Dortmund / Vodafone,2063,Pücklerweg 13,
Sparbau Dortmund / Vodafone,2064,Pücklerweg 21,
Sparbau Dortmund / Vodafone,2065,Rennweg 9,
Sparbau Dortmund / Vodafone,2066,Deutsch-Luxemburger Str. 56a,
Sparbau Dortmund / Vodafone,2067,"Krückenweg 57, 61",
Sparbau Dortmund / Vodafone,2068,Stuttgarter Str. 56,
Sparbau Dortmund / Vodafone,2069,Varziner Straße 34b,
Sparbau Dortmund / Vodafone,2070,Stuttgartstraße 10,
Sparbau Dortmund / Vodafone,2071,Stuttgartstraße 18,gas:1--heating-circuit:1--heat-exchanger:1--warm-water:1
Sparbau Dortmund / Vodafone,2072,Am Beilstück 13,
Sparbau Dortmund / Vodafone,2073,Am Beilstück 15,gas:1--heating-circuit:1--warm-water:1
Sparbau Dortmund / Vodafone,2074,Am Beilstück 17,
Sparbau Dortmund / Vodafone,2075,Am Beilstück 19,
Sparbau Dortmund / Vodafone,2076,Am Beilstück 21,
Sparbau Dortmund / Vodafone,2077,Am Beilstück 23,
Sparbau Dortmund / Vodafone,2078,Am Beilstück 25,
Sparbau Dortmund / Vodafone,2079,Am Beilstück 27,
Sparbau Dortmund / Vodafone,2080,Am Beilstück 29,
Sparbau Dortmund / Vodafone,2081,Am Beilstück 31,
Sparbau Dortmund / Vodafone,2082,Eichenstraße 1,
Sparbau Dortmund / Vodafone,2083,Bauerstraße 3,
Sparbau Dortmund / Vodafone,2084,Bauerstraße 5,
Sparbau Dortmund / Vodafone,2085,Lange Fuhr 93,
Sparbau Dortmund / Vodafone,2086,Lindemannstr. 71,
Sparbau Dortmund / Vodafone,2087,Lindemannstr. 73,
Sparbau Dortmund / Vodafone,2088,Lindemannstr. 75,
Sparbau Dortmund / Vodafone,2089,Stübbenstr. 4,
Sparbau Dortmund / Vodafone,2090,Stübbenstr. 6,
Sparbau Dortmund / Vodafone,2091,Wittekindstr. 23,
Sparbau Dortmund / Vodafone,2092,Stuttgarter Str. 17,
Sparbau Dortmund / Vodafone,2093,Hildegundweg 3,
Sparbau Dortmund / Vodafone,2094,Hildegundweg 5,
Sparbau Dortmund / Vodafone,2095,Hildegundweg 7,
Sparbau Dortmund / Vodafone,2096,Hildegundweg 9,
Sparbau Dortmund / Vodafone,2097,Hildegundweg 11,
Sparbau Dortmund / Vodafone,2098,Fernwärmestation Schmiedingstr. 31,
Sparbau Dortmund / Vodafone,2099,Kirchstraße 4,
Sparbau Dortmund / Vodafone,2100,Seydlitzstr. 4,
Sparbau Dortmund / Vodafone,2101,Schüruferstraße 125,gas:1--heating-circuit:1--heating-circuit:2--warm-water:1
Sparbau Dortmund / Vodafone,2102,Am Funkturm 18a,
Sparbau Dortmund / Vodafone,2103,Am Funkturm 22a,
Sparbau Dortmund / Vodafone,2104,Hacheneyer Straße 55g,
Sparbau Dortmund / Vodafone,2105,Hamburger Allee 22,
Sparbau Dortmund / Vodafone,2106,Hamburger Allee 24,
Sparbau Dortmund / Vodafone,2107,Hortensienstraße 22,
Sparbau Dortmund / Vodafone,2108,Hortensienstraße 24,
Sparbau Dortmund / Vodafone,2109,Hortensienstraße 26,
Sparbau Dortmund / Vodafone,2110,Hortensienstraße 28,
Sparbau Dortmund / Vodafone,2111,Hortensienstraße 30,
Sparbau Dortmund / Vodafone,2112,Lange Fuhr 95,
Sparbau Dortmund / Vodafone,2113,Westerbleichstr. 77,
Sparbau Dortmund / Vodafone,2114,Im Eck 1,
Sparbau Dortmund / Vodafone,2115,Im Eck 1b,
Sparbau Dortmund / Vodafone,2116,Reichshofstr. 38,heat-pump:1--warm-water:1--right-down-pipes:1--heat-pump:2--buffer-tank:1--gas:1--heating-circuit:1--heating-circuit:2
Sparbau Dortmund / Vodafone,2117,Holzwickeder Str. 26,
Sparbau Dortmund / Vodafone,2118,Im Bruch 21,
Sparbau Dortmund / Vodafone,2119,Arcostr. 1,
Sparbau Dortmund / Vodafone,2120,Arcostr. 3,
Sparbau Dortmund / Vodafone,2121,Arcostr. 5,
Sparbau Dortmund / Vodafone,2122,Arcostr. 7,
Sparbau Dortmund / Vodafone,2123,Am Beilstück 33,
Sparbau Dortmund / Vodafone,2124,Am Beilstück 35,
Sparbau Dortmund / Vodafone,2125,Am Beilstück 41,
Sparbau Dortmund / Vodafone,2126,Am Beilstück 43,
Sparbau Dortmund / Vodafone,2127,Hacheneyer Straße 55h,
Sparbau Dortmund / Vodafone,2128,Hövelstraße 3,
Sparbau Dortmund / Vodafone,2129,Hövelstraße 1,
Sparbau Dortmund / Vodafone,2130,Übergabestation Bergmeisterstraße 11-13,
Sparbau Dortmund / Vodafone,2131,Oberbank 9,
Sparbau Dortmund / Vodafone,2132,Lange Straße 72,
Sparbau Dortmund / Vodafone,2133,Felheuerstraße 17,
Sparbau Dortmund / Vodafone,2134,Kirchstraße 8,
Sparbau Dortmund / Vodafone,2135,Schüruferstraße 139,
Sparbau Dortmund / Vodafone,2136,Kleiststraße 17,
Sparbau Dortmund / Vodafone,2137,Steinkühlerweg 225,
Sparbau Dortmund / Vodafone,2138,Asselner Hellweg 117,
Sparbau Dortmund / Vodafone,2139,Ostkirchstraße 132,
Sparbau Dortmund / Vodafone,2140,Voigtstraße 26,
Sparbau Dortmund / Vodafone,2141,Hamburger Straße 8a,
Sparbau Dortmund / Vodafone,2142,Steinkühlerweg 223,
Sparbau Dortmund / Vodafone,2143,Gössingstraße 1,
Sparbau Dortmund / Vodafone,2144,Breierspfad 46,
Sparbau Dortmund / Vodafone,2145,Wambeler Straße 31,
Sparbau Dortmund / Vodafone,2146,Kirschbaumweg 24,gas:1--heating-circuit:1--warm-water:1
Sparbau Dortmund / Vodafone,2147,Wattenscheidskamp 12,
Sparbau Dortmund / Vodafone,2262,Krückenweg 61,
Wohnungsgenossenschaft von 1904,1738,Garbestr. 7,
Wohnungsgenossenschaft von 1904,1739,Gustav-Falke-Str. 11,
Wohnungsgenossenschaft von 1904,1740,Gustav-Falke-Str. 50,
Wohnungsgenossenschaft von 1904,1741,Buchsbaumweg 5+11+13,
Wohnungsgenossenschaft von 1904,1742,An der Lohe 1a,
Wohnungsgenossenschaft von 1904,1743,Grömitzer Weg 28a,
Wohnungsgenossenschaft von 1904,1744,Wendlohstr. 33c,
Wohnungsgenossenschaft von 1904,1745,Karl-Ahrens-Weg 43,
Wohnungsgenossenschaft von 1904,1746,Barsbütteler Str. 40,
Wohnungsgenossenschaft von 1904,1747,An der Feldmark 15,
Wohnungsgenossenschaft von 1904,1801,Buchsbaumweg 11,
Wohnungsgenossenschaft von 1904,1802,Buchsbaumweg 13,
Stadtbau Aschaffenburg,1773,Betgasse 5,
Stadtbau Aschaffenburg,1774,Spessartstr. 14-16,
Stadtbau Aschaffenburg,1775,Medicusstr. 6,
Stadtbau Aschaffenburg,1776,Elsavastr. 6,
Stadtbau Aschaffenburg,1777,Keplerstr. 24,
Stadtbau Aschaffenburg,1778,Keplerstr. 34,
Stadtbau Aschaffenburg,1779,Reigersbergstr. 11,
Stadtbau Aschaffenburg,1780,Beckerstr. 47,
Stadtbau Aschaffenburg,1781,Bernhardstr. 33,
Stadtbau Aschaffenburg,1788,Friedrich Krane Platz 8,
Stadtbau Aschaffenburg,2219,Spessartstr. 12,
WBG Kontakt,1767,"Schwantesstr. 73, versorgt Schwantesstr. 61-79",
WBG Kontakt,1768,"Samuel-Lampel-Str. 12, versorgt Samuel-Lampel-Str. 4-12",
WBG Kontakt,1769,Am Bogen 22,
WBG Kontakt,1770,Am Bogen 28,
WBG Kontakt,1771,Triftweg 17,
"Wohnungsgenossenschaft ""Uckermark""",1783,Pestalozzistraße 38,
"Wohnungsgenossenschaft ""Uckermark""",1784,Templiner Straße 48,
"Wohnungsgenossenschaft ""Uckermark""",1785,Gustav-Bruhn-Straße 8,
"Wohnungsgenossenschaft ""Uckermark""",1786,Gustav-Bruhn-Straße 16,
"Wohnungsgenossenschaft ""Uckermark""",1787,Rudolf-Harbig-Str. 7,
meravis,1803,Kurt-Schumacher-Allee 34,
meravis,1804,Kurt-Schumacher-Allee 28,
meravis,1805,Marienburger Weg 8,
meravis,1806,Bauernwiesenweg 58,
meravis,1807,An der Landwehr 17,
meravis,1808,Bleßhuhnweg 8,
meravis,1809,Alte Stöckener Str. 100,
meravis,1810,Steuerwalder Str. 104a,
meravis,1811,Beethovenring 72 a,
meravis,1812,Hilshof 20C,
GENO50,1818,Kapellenstr. 60,
GENO50,1819,Fontanestr. 5,
GENO50,1820,Klagenfurter Ring 57,
GENO50,1821,Grillparzerstr. 35,
GENO50,1822,Herrnbergstr. 62,
GENO50,1823,Lippestr. 11,
GENO50,1824,Dresdener Ring 20,
GENO50,1825,Steubenstr. 25,
GENO50,1826,Irenenstr. 17,
GENO50,1827,Kneippstr. 5,
GeWoGe,1832,Hofstraße 36,
GeWoGe,1833,Theodor-Heuß-Straße 90,gas:1--gas:2--global-separation-circuit:1--heating-circuit:1--warm-water:1
GeWoGe,1834,Alfons-Schulz-Straße 11,
GeWoGe,1835,Königstraße 145,
GeWoGe,1836,Grevenbroicher Straße 92,
GeWoGe,1837,Grevenbroicher Straße 82,
GeWoGe,1838,Teupesstraße 43,
GeWoGe,1839,Oststraße 77,
GeWoGe,1840,Hohenzollernstraße 190,
GeWoGe,1841,Bergstraße 4,
GeWoGe,1842,Kettelerstraße 45,
GeWoGe,1843,Nicodemstraße 25,
GeWoGe,1844,Heidkamp 57,
GeWoGe,1845,Marienstraße 14,
GeWoGe,1846,Schillerstraße 48,
GeWoGe,1866,Heidkamp 55,
[GF INTERN],41,test 1144,
[GF INTERN],42,test 1144,
[GF INTERN],43,test 1144,
[GF INTERN],393,Pedros Insys <hr>,
[GF INTERN],417,Teststraße 42,heat-pump:1--right-down-pipes:1--heat-pump:2--buffer-tank:1--heating-circuit:1
[GF INTERN],737,Teststrasse 0124,district-heating:1--top-right-pipes:1--heat-exchanger:1--heating-circuit:1--top-right-pipes:2--heat-exchanger:2--heating-circuit:2--warm-water:1
[GF INTERN],1468,Mendel 5 Dummy für Sophies Master Thesis,
[GF INTERN],1470,Ekkis rut-testdev,
[GF INTERN],1659,"Martin - Kemeterstraße 51, Olching",
[GF INTERN],1782,Office Playground,
[GF INTERN],2220,test,
[GF INTERN],2224,teststraße,
[GF INTERN],2283,test,
[GF INTERN],2320,straße,
ggw Gelsenkirchen,1950,Braukämperstr. 73,gas:1--heating-circuit:1--warm-water:1
ggw Gelsenkirchen,1951,Darler Heide 98,gas:1--gas:2--gas:3--global-separation-circuit:1--heating-circuit:1--heating-circuit:2--warm-water:1
ggw Gelsenkirchen,1952,Scherkampsweg 22,gas:1--heat-exchanger:1--heating-circuit:1--warm-water:1
Gartenstadt Hamburg,1942,Birckholtzweg 15,
Gartenstadt Hamburg,1943,"Birckholtzweg 17, versorgt Birckholtzweg 17 - 21",
Gartenstadt Hamburg,1944,"Birckholtzweg 17,versorgt Birckholtzweg 17 - 21",
Gartenstadt Hamburg,1945,Birckholtzweg 19,
Gartenstadt Hamburg,1946,Birckholtzweg 21,
Gartenstadt Hamburg,1947,"Kriegkamp 27, versorgt Kriegkamp 27 - 41; 19 - 25",
Gartenstadt Hamburg,1948,"Kriegkamp 25, versorgt Kriegkamp 19 - 25",
Gartenstadt Hamburg,1949,"Roter Hahn 26, versorgtRoter Hahn 22 - 26a, 26b - 28",
Städtische Wohnungsgesellschaft Pirna,1953,Walter-Richter-Str. 15-19,district-heating:1--heating-circuit:1--warm-water:1
Städtische Wohnungsgesellschaft Pirna,1954,Arthur-Pollack-Str. 7-10,gas:1--heating-circuit:1--warm-water:1
Wohnungswirtschaftsgesellschaft mbH Quedlinburg,2001,Anhalterstr. 27,
Wohnungswirtschaftsgesellschaft mbH Quedlinburg,2002,Anhalterstr. 29,
Wohnungswirtschaftsgesellschaft mbH Quedlinburg,2003,Käthe-Kollwitz-Straße 19,heat-pump:1--buffer-tank:1--heating-circuit:1
Wohnungswirtschaftsgesellschaft mbH Quedlinburg,2004,Käthe-Kollwitz-Straße 23,heat-pump:1--buffer-tank:1--heating-circuit:1
Wohnungswirtschaftsgesellschaft mbH Quedlinburg,2005,Albert-Schweitzer-Straße 7-9,
Wohnungswirtschaftsgesellschaft mbH Quedlinburg,2006,Weinbergweg 42-44,
Wohnungswirtschaftsgesellschaft mbH Quedlinburg,2007,Gartenstr. 9-11,
Wohnungswirtschaftsgesellschaft mbH Quedlinburg,2008,Weyhestr. 3,district-heating:1--heating-circuit:1--warm-water:1
Wohnungswirtschaftsgesellschaft mbH Quedlinburg,2009,Jasminweg 1-6,district-heating:1--heating-circuit:1--heating-circuit:2--warm-water:1
Wohnungswirtschaftsgesellschaft mbH Quedlinburg,2010,Ditfurter Weg 2-12,district-heating:1--warm-water:1--heat-exchanger:1--heating-circuit:1
Wohnungswirtschaftsgesellschaft mbH Quedlinburg,2011,Erlenstr. 5,
Wohnungsgenossenschaft Brieselang,2183,Schillerstraße 19e,gas:1--gas:2--global-separation-circuit:1--heating-circuit:1--heating-circuit:2--heating-circuit:3--heating-circuit:4--heating-circuit:5--warm-water:1
Wohnungsgenossenschaft Brieselang,2184,Forstweg 32c,
Wohnungsgenossenschaft Brieselang,2185,Forstweg 32e,
Wohnungsgenossenschaft Brieselang,2186,Forstweg 32f,
Wohnungsgenossenschaft Brieselang,2187,Forstweg 33a,
Wohnungsgenossenschaft Brieselang,2188,Forstweg 33b,
Wohnungsgenossenschaft Brieselang,2189,Forstweg 33c,
Wohnungsgenossenschaft Brieselang,2190,Schillerstraße 19f,
Wohnungsgenossenschaft Brieselang,2191,Schillerstraße 19g,
Wohnungsgenossenschaft Brieselang,2192,Schillerstraße 19h,
Wohnungsgenossenschaft Brieselang,2193,Schillerstraße 19i,
NEUE LÜBECKER,2194,Alter Sportplatz 21,
NEUE LÜBECKER,2195,Brandenbaumer Landstr. 177,
NEUE LÜBECKER,2196,Chemnitzstr. 25c,
NEUE LÜBECKER,2197,Rade 4,
NEUE LÜBECKER,2198,Rade 6,
NEUE LÜBECKER,2199,Hermann-Löns-Straße 1-3,
NEUE LÜBECKER,2200,Immanuel-Kant-Str. 2-4,
NEUE LÜBECKER,2201,Pommernweg 2,
NEUE LÜBECKER,2202,Pommernweg 1-3,
NEUE LÜBECKER,2203,Immanuel-Kant-Straße 10-12,
NEUE LÜBECKER,2204,Ostpreußenweg 2,
NEUE LÜBECKER,2205,Immanuel-Kant-Str. 33-35,
NEUE LÜBECKER,2206,Immanuel-Kant-Str. 47,
NEUE LÜBECKER,2207,Immanuel-Kant-Str. 61,
NEUE LÜBECKER,2208,Cesenaticostraße 19,
NEUE LÜBECKER,2209,Cesenaticostraße 21,
Hamburg-Kölner Vermögensverwaltungsgesellschaft mbH,1799,Gothaer Allee 1,
Stadtwerke Essen,1856,Biomasseheizhaus Gruga Lührmannstr. 117,
Stadtwerke Essen,1857,Rüpingsweg 51,
Stadtwerke Essen,1858,Auf'm Bögel 8,
Stadtwerke Essen,1859,Heizhaus Humboldtstr. 49,
Stadtwerke Essen,1860,Heizhaus Borbecker Börde,
Stadtwerke Essen,1861,Heizhaus Am Seebogen,
Stadtwerke Essen,1862,Fischlaker Str. 54-56,gas:1--heating-circuit:1--heating-circuit:2--warm-water:1
Stadtwerke Essen,1863,Am Lünink 53,gas:1--heating-circuit:1--warm-water:1
Stadtwerke Essen,1864,Lommenweg 10,gas:1--heat-exchanger:1--heating-circuit:1--warm-water:1
Stadtwerke Essen,1865,Braukloh 34 (WEA von Dirk Möllensiep),gas:1--heating-circuit:1--warm-water:1
Stadtwerke Essen,2164,Steeler Bergstr. 23,
Stadtwerke Essen,2165,Am Brauhaus 15,
Stadtwerke Essen,2166,Kupferdreher Str. 41-43,
Gemeinnützige Wohnungsbaugesellschaft Ingolstadt,1867,Goethestr. 79,
Wohnungsbaugenossenschaft KAIFU,2226,Neumünstersche Straße 8,
Wohnungsbaugenossenschaft KAIFU,2227,Neumünstersche Straße 5,
Wohnungsbaugenossenschaft KAIFU,2228,Eisenhansweg 11,
Wohnungsbaugenossenschaft KAIFU,2229,Astweg 45,
Wohnungsbaugenossenschaft KAIFU,2230,Astweg 36,
Wohnungsbaugenossenschaft KAIFU,2231,Rahel-Varnhagen-Weg 23,
Wohnungsbaugenossenschaft KAIFU,2232,Lohwurt 19,
Wohnungsbaugenossenschaft KAIFU,2233,Wakendorfer Weg 28,
Wohnungsbaugenossenschaft KAIFU,2235,Lille Torv 4,
Wohnungsbaugenossenschaft Erkrath,2253,Kalkumer Feld 27,
Wohnungsbaugenossenschaft Erkrath,2254,Am Brockerberg 6,
Wohnungsbaugenossenschaft Erkrath,2255,Am Brockerberg 10,
Wohnungsbaugenossenschaft Erkrath,2256,Am Rosenberg 6 ,
Wohnungsbaugenossenschaft Erkrath,2257,Waldfrieden 17,
Wohnungsbaugenossenschaft Erkrath,2258,Schlüterstraße 9,
Wohnungsbaugenossenschaft Erkrath,2263,Kreuzstr. 26 ,
Wohnungsbaugenossenschaft Erkrath,2264,Kalkumer Feld 31 ,
Wohnungsbaugenossenschaft Erkrath,2265,Adlerstr. 39,
Wohnungsbaugenossenschaft Erkrath,2266,Fasanenstr. 64,
Wohnungsbaugenossenschaft Erkrath,2267,Taubenstr. 15,
Wohnungsbaugenossenschaft Erkrath,2268,Fasanenstr. 2a,
Wohnungsbaugenossenschaft Erkrath,2269,Auf’m Hitzberg 1 ,
Wohnungsbaugenossenschaft Erkrath,2270,Nettetalstr. 24,
Wohnungsbaugenossenschaft Erkrath,2271,Brinellstr. 10 ,
SWB,2236,Haagerfeld 1,district-heating:1--heating-circuit:1--heating-circuit:2
SWB,2237,Paul-Essers-Str. 12-14,district-heating:1--heating-circuit:1--heating-circuit:2
SWB,2238,Engelbertusstr. 16/18,district-heating:1--heating-circuit:1
SWB,2239,Augustastr. 201,heat-pump:1--buffer-tank:1--heating-circuit:1
SWB,2240,Julius-Leber-Str. 10 ,
SWB,2241,Duisburgerstr. 360,
SWB,2242,Klotzdelle 9,
SWB,2284,Hans-Böckler-Platz 9,
SWB,2285,Augustastraße 202,
SWB,2286,Erlenweg 11  ,
SWB,2287,Dr.-Julius-Brecht-Weg1,
OSTLAND,2248,Hermann-Ehlers- Allee 26,
OSTLAND,2249,Innstr. 19,
OSTLAND,2250,Pechriede 22,
Gemeinnütziger Bauverein Gütersloh,1890,Alsenstr. 39,
Gemeinnütziger Bauverein Gütersloh,1891,Danziger Str. 20,
Gemeinnütziger Bauverein Gütersloh,1892,Düppelstr. 26,
Gemeinnütziger Bauverein Gütersloh,1893,Eichenallee 52,
Gemeinnütziger Bauverein Gütersloh,1894,Jenaer Str. 1,
Gemeinnütziger Bauverein Gütersloh,1895,Jenaer Str. 4,
Gemeinnütziger Bauverein Gütersloh,1896,Jenaer Str. 62,
Gemeinnütziger Bauverein Gütersloh,1897,Malvenweg 2,
Gemeinnütziger Bauverein Gütersloh,1898,Teismanns Weg 7,gas:1--buffer-tank:1--heating-circuit:1
Gemeinnütziger Bauverein Gütersloh,1899,Unter den Ulmen 3,
Wohnungsbaugesellschaft Velbert,1880,Am Kostenberg 22,
Wohnungsbaugesellschaft Velbert,1881,Asternweg 3,
Wohnungsbaugesellschaft Velbert,1882,Berlinerstr. 6,
Wohnungsbaugesellschaft Velbert,1883,Birtherstr. 4,
Wohnungsbaugesellschaft Velbert,1884,Birtherstr. 112,
Wohnungsbaugesellschaft Velbert,1885,Birther Str. 61,
Wohnungsbaugesellschaft Velbert,1886,Heidestraße 52,
Wohnungsbaugesellschaft Velbert,1887,Heidestr. 94,
Wohnungsbaugesellschaft Velbert,1888,Marsstraße 13,
Wohnungsbaugesellschaft Velbert,1889,Rheinlandstr. 8,
"Condominio via F. Bonnet, gruppomarano",1908,Via Fratelli Bonnet 44,
Wohnungsbaugesellschaft mbH IDEAL,1877,Muggenhofer Straße 51,
Wohnungsbaugesellschaft mbH IDEAL,1878,Findelwiesenstraße 31-35,
Wohnungsbaugesellschaft mbH IDEAL,1879,Glatzer Straße 11,
